dataset,outer_fold,system,inverse_l2_c,threshold,inner_primary_metric,inner_primary_value,inner_macro_f1_supported,tp,fp,fn,precision,recall,f1,selected,tn,specificity,false_positive_rate,accuracy,balanced_accuracy,mcc
SmartBugs-Curated,0,Prevalence-only (nested cross-fitted),,0.05,micro_f1,0.2236024844720497,0.15689108300185267,108,742,8,0.12705882352941175,0.9310344827586207,0.2236024844720497,False,,,,,,
SmartBugs-Curated,0,Prevalence-only (nested cross-fitted),,0.1,micro_f1,0.32068965517241377,0.12891401140828826,93,371,23,0.20043103448275862,0.8017241379310345,0.32068965517241377,False,,,,,,
SmartBugs-Curated,0,Prevalence-only (nested cross-fitted),,0.15,micro_f1,0.3850574712643678,0.08862554986982674,67,165,49,0.28879310344827586,0.5775862068965517,0.3850574712643678,False,,,,,,
SmartBugs-Curated,0,Prevalence-only (nested cross-fitted),,0.2,micro_f1,0.3850574712643678,0.08862554986982674,67,165,49,0.28879310344827586,0.5775862068965517,0.3850574712643678,True,,,,,,
SmartBugs-Curated,0,Prevalence-only (nested cross-fitted),,0.25,micro_f1,0.3620689655172414,0.05316455696202531,42,74,74,0.3620689655172414,0.3620689655172414,0.3620689655172414,False,,,,,,
SmartBugs-Curated,0,Prevalence-only (nested cross-fitted),,0.3,micro_f1,0.3620689655172414,0.05316455696202531,42,74,74,0.3620689655172414,0.3620689655172414,0.3620689655172414,False,,,,,,
SmartBugs-Curated,0,Prevalence-only (nested cross-fitted),,0.35,micro_f1,0.3620689655172414,0.05316455696202531,42,74,74,0.3620689655172414,0.3620689655172414,0.3620689655172414,False,,,,,,
SmartBugs-Curated,0,Prevalence-only (nested cross-fitted),,0.4,micro_f1,0.0,0.0,0,0,116,0.0,0.0,0.0,False,,,,,,
SmartBugs-Curated,0,Prevalence-only (nested cross-fitted),,0.45,micro_f1,0.0,0.0,0,0,116,0.0,0.0,0.0,False,,,,,,
SmartBugs-Curated,0,Prevalence-only (nested cross-fitted),,0.5,micro_f1,0.0,0.0,0,0,116,0.0,0.0,0.0,False,,,,,,
SmartBugs-Curated,0,Prevalence-only (nested cross-fitted),,0.55,micro_f1,0.0,0.0,0,0,116,0.0,0.0,0.0,False,,,,,,
SmartBugs-Curated,0,Prevalence-only (nested cross-fitted),,0.6,micro_f1,0.0,0.0,0,0,116,0.0,0.0,0.0,False,,,,,,
SmartBugs-Curated,0,Prevalence-only (nested cross-fitted),,0.65,micro_f1,0.0,0.0,0,0,116,0.0,0.0,0.0,False,,,,,,
SmartBugs-Curated,0,Prevalence-only (nested cross-fitted),,0.7,micro_f1,0.0,0.0,0,0,116,0.0,0.0,0.0,False,,,,,,
SmartBugs-Curated,0,Prevalence-only (nested cross-fitted),,0.75,micro_f1,0.0,0.0,0,0,116,0.0,0.0,0.0,False,,,,,,
SmartBugs-Curated,0,Prevalence-only (nested cross-fitted),,0.8,micro_f1,0.0,0.0,0,0,116,0.0,0.0,0.0,False,,,,,,
SmartBugs-Curated,0,Prevalence-only (nested cross-fitted),,0.85,micro_f1,0.0,0.0,0,0,116,0.0,0.0,0.0,False,,,,,,
SmartBugs-Curated,0,Prevalence-only (nested cross-fitted),,0.9,micro_f1,0.0,0.0,0,0,116,0.0,0.0,0.0,False,,,,,,
SmartBugs-Curated,0,Prevalence-only (nested cross-fitted),,0.95,micro_f1,0.0,0.0,0,0,116,0.0,0.0,0.0,False,,,,,,
SmartBugs-Curated,0,Logistic stacker (nested cross-fitted),0.01,0.05,micro_f1,0.2724795640326976,0.14340123977275643,100,518,16,0.16181229773462782,0.8620689655172413,0.2724795640326976,False,,,,,,
SmartBugs-Curated,0,Logistic stacker (nested cross-fitted),0.01,0.1,micro_f1,0.33941605839416056,0.13516401140828826,93,339,23,0.2152777777777778,0.8017241379310345,0.33941605839416056,False,,,,,,
SmartBugs-Curated,0,Logistic stacker (nested cross-fitted),0.01,0.15,micro_f1,0.3942857142857143,0.11362554986982673,69,165,47,0.2948717948717949,0.5948275862068966,0.3942857142857143,False,,,,,,
SmartBugs-Curated,0,Logistic stacker (nested cross-fitted),0.01,0.2,micro_f1,0.4110429447852761,0.09518136368471439,67,143,49,0.319047619047619,0.5775862068965517,0.4110429447852761,False,,,,,,
SmartBugs-Curated,0,Logistic stacker (nested cross-fitted),0.01,0.25,micro_f1,0.46774193548387094,0.1312133374498302,58,74,58,0.4393939393939394,0.5,0.46774193548387094,False,,,,,,
SmartBugs-Curated,0,Logistic stacker (nested cross-fitted),0.01,0.3,micro_f1,0.3620689655172414,0.05316455696202531,42,74,74,0.3620689655172414,0.3620689655172414,0.3620689655172414,False,,,,,,
SmartBugs-Curated,0,Logistic stacker (nested cross-fitted),0.01,0.35,micro_f1,0.5316455696202531,0.1,42,0,74,1.0,0.3620689655172414,0.5316455696202531,False,,,,,,
SmartBugs-Curated,0,Logistic stacker (nested cross-fitted),0.01,0.4,micro_f1,0.47368421052631576,0.09230769230769231,36,0,80,1.0,0.3103448275862069,0.47368421052631576,False,,,,,,
SmartBugs-Curated,0,Logistic stacker (nested cross-fitted),0.01,0.45,micro_f1,0.0,0.0,0,0,116,0.0,0.0,0.0,False,,,,,,
SmartBugs-Curated,0,Logistic stacker (nested cross-fitted),0.01,0.5,micro_f1,0.0,0.0,0,0,116,0.0,0.0,0.0,False,,,,,,
SmartBugs-Curated,0,Logistic stacker (nested cross-fitted),0.01,0.55,micro_f1,0.0,0.0,0,0,116,0.0,0.0,0.0,False,,,,,,
SmartBugs-Curated,0,Logistic stacker (nested cross-fitted),0.01,0.6,micro_f1,0.0,0.0,0,0,116,0.0,0.0,0.0,False,,,,,,
SmartBugs-Curated,0,Logistic stacker (nested cross-fitted),0.01,0.65,micro_f1,0.0,0.0,0,0,116,0.0,0.0,0.0,False,,,,,,
SmartBugs-Curated,0,Logistic stacker (nested cross-fitted),0.01,0.7,micro_f1,0.0,0.0,0,0,116,0.0,0.0,0.0,False,,,,,,
SmartBugs-Curated,0,Logistic stacker (nested cross-fitted),0.01,0.75,micro_f1,0.0,0.0,0,0,116,0.0,0.0,0.0,False,,,,,,
SmartBugs-Curated,0,Logistic stacker (nested cross-fitted),0.01,0.8,micro_f1,0.0,0.0,0,0,116,0.0,0.0,0.0,False,,,,,,
SmartBugs-Curated,0,Logistic stacker (nested cross-fitted),0.01,0.85,micro_f1,0.0,0.0,0,0,116,0.0,0.0,0.0,False,,,,,,
SmartBugs-Curated,0,Logistic stacker (nested cross-fitted),0.01,0.9,micro_f1,0.0,0.0,0,0,116,0.0,0.0,0.0,False,,,,,,
SmartBugs-Curated,0,Logistic stacker (nested cross-fitted),0.01,0.95,micro_f1,0.0,0.0,0,0,116,0.0,0.0,0.0,False,,,,,,
SmartBugs-Curated,0,Logistic stacker (nested cross-fitted),0.1,0.05,micro_f1,0.3527454242928453,0.34309199029214954,106,379,10,0.21855670103092784,0.9137931034482759,0.3527454242928453,False,,,,,,
SmartBugs-Curated,0,Logistic stacker (nested cross-fitted),0.1,0.1,micro_f1,0.4925373134328358,0.35921378516394437,99,187,17,0.34615384615384615,0.853448275862069,0.4925373134328358,False,,,,,,
SmartBugs-Curated,0,Logistic stacker (nested cross-fitted),0.1,0.15,micro_f1,0.5954692556634305,0.30591730971477804,92,101,24,0.47668393782383417,0.7931034482758621,0.5954692556634305,False,,,,,,
SmartBugs-Curated,0,Logistic stacker (nested cross-fitted),0.1,0.2,micro_f1,0.7844827586206896,0.36314680465165905,91,25,25,0.7844827586206896,0.7844827586206896,0.7844827586206896,False,,,,,,
SmartBugs-Curated,0,Logistic stacker (nested cross-fitted),0.1,0.25,micro_f1,0.7876106194690266,0.36135941812514205,89,21,27,0.8090909090909091,0.7672413793103449,0.7876106194690266,False,,,,,,
SmartBugs-Curated,0,Logistic stacker (nested cross-fitted),0.1,0.3,micro_f1,0.7959183673469388,0.28415384615384615,78,2,38,0.975,0.6724137931034483,0.7959183673469388,False,,,,,,
SmartBugs-Curated,0,Logistic stacker (nested cross-fitted),0.1,0.35,micro_f1,0.7391304347826086,0.22379518072289156,68,0,48,1.0,0.5862068965517241,0.7391304347826086,False,,,,,,
SmartBugs-Curated,0,Logistic stacker (nested cross-fitted),0.1,0.4,micro_f1,0.7252747252747253,0.19879518072289154,66,0,50,1.0,0.5689655172413793,0.7252747252747253,False,,,,,,
SmartBugs-Curated,0,Logistic stacker (nested cross-fitted),0.1,0.45,micro_f1,0.7252747252747253,0.19879518072289154,66,0,50,1.0,0.5689655172413793,0.7252747252747253,False,,,,,,
SmartBugs-Curated,0,Logistic stacker (nested cross-fitted),0.1,0.5,micro_f1,0.6432748538011696,0.1743450767841012,55,0,61,1.0,0.47413793103448276,0.6432748538011696,False,,,,,,
SmartBugs-Curated,0,Logistic stacker (nested cross-fitted),0.1,0.55,micro_f1,0.5032258064516129,0.0962962962962963,39,0,77,1.0,0.33620689655172414,0.5032258064516129,False,,,,,,
SmartBugs-Curated,0,Logistic stacker (nested cross-fitted),0.1,0.6,micro_f1,0.47368421052631576,0.09230769230769231,36,0,80,1.0,0.3103448275862069,0.47368421052631576,False,,,,,,
SmartBugs-Curated,0,Logistic stacker (nested cross-fitted),0.1,0.65,micro_f1,0.47368421052631576,0.09230769230769231,36,0,80,1.0,0.3103448275862069,0.47368421052631576,False,,,,,,
SmartBugs-Curated,0,Logistic stacker (nested cross-fitted),0.1,0.7,micro_f1,0.0,0.0,0,0,116,0.0,0.0,0.0,False,,,,,,
SmartBugs-Curated,0,Logistic stacker (nested cross-fitted),0.1,0.75,micro_f1,0.0,0.0,0,0,116,0.0,0.0,0.0,False,,,,,,
SmartBugs-Curated,0,Logistic stacker (nested cross-fitted),0.1,0.8,micro_f1,0.0,0.0,0,0,116,0.0,0.0,0.0,False,,,,,,
SmartBugs-Curated,0,Logistic stacker (nested cross-fitted),0.1,0.85,micro_f1,0.0,0.0,0,0,116,0.0,0.0,0.0,False,,,,,,
SmartBugs-Curated,0,Logistic stacker (nested cross-fitted),0.1,0.9,micro_f1,0.0,0.0,0,0,116,0.0,0.0,0.0,False,,,,,,
SmartBugs-Curated,0,Logistic stacker (nested cross-fitted),0.1,0.95,micro_f1,0.0,0.0,0,0,116,0.0,0.0,0.0,False,,,,,,
SmartBugs-Curated,0,Logistic stacker (nested cross-fitted),1.0,0.05,micro_f1,0.676923076923077,0.5067385389709476,110,99,6,0.5263157894736842,0.9482758620689655,0.676923076923077,False,,,,,,
SmartBugs-Curated,0,Logistic stacker (nested cross-fitted),1.0,0.1,micro_f1,0.8226415094339623,0.6895076674737691,109,40,7,0.7315436241610739,0.9396551724137931,0.8226415094339623,False,,,,,,
SmartBugs-Curated,0,Logistic stacker (nested cross-fitted),1.0,0.15,micro_f1,0.9264069264069265,0.6760856543875412,107,8,9,0.9304347826086956,0.9224137931034483,0.9264069264069265,False,,,,,,
SmartBugs-Curated,0,Logistic stacker (nested cross-fitted),1.0,0.2,micro_f1,0.9344978165938864,0.6795248078266946,107,6,9,0.9469026548672567,0.9224137931034483,0.9344978165938864,False,,,,,,
SmartBugs-Curated,0,Logistic stacker (nested cross-fitted),1.0,0.25,micro_f1,0.9427312775330396,0.6847578347578348,107,4,9,0.963963963963964,0.9224137931034483,0.9427312775330396,False,,,,,,
SmartBugs-Curated,0,Logistic stacker (nested cross-fitted),1.0,0.3,micro_f1,0.9511111111111111,0.6924501424501425,107,2,9,0.981651376146789,0.9224137931034483,0.9511111111111111,True,,,,,,
SmartBugs-Curated,0,Logistic stacker (nested cross-fitted),1.0,0.35,micro_f1,0.9454545454545454,0.6867951807228916,104,0,12,1.0,0.896551724137931,0.9454545454545454,False,,,,,,
SmartBugs-Curated,0,Logistic stacker (nested cross-fitted),1.0,0.4,micro_f1,0.9357798165137615,0.6534618473895583,102,0,14,1.0,0.8793103448275862,0.9357798165137615,False,,,,,,
SmartBugs-Curated,0,Logistic stacker (nested cross-fitted),1.0,0.45,micro_f1,0.9308755760368663,0.6522276422764228,101,0,15,1.0,0.8706896551724138,0.9308755760368663,False,,,,,,
SmartBugs-Curated,0,Logistic stacker (nested cross-fitted),1.0,0.5,micro_f1,0.9259259259259259,0.6478798161894662,100,0,16,1.0,0.8620689655172413,0.9259259259259259,False,,,,,,
SmartBugs-Curated,0,Logistic stacker (nested cross-fitted),1.0,0.55,micro_f1,0.8952380952380953,0.5145464828561329,94,0,22,1.0,0.8103448275862069,0.8952380952380953,False,,,,,,
SmartBugs-Curated,0,Logistic stacker (nested cross-fitted),1.0,0.6,micro_f1,0.8846153846153846,0.47994847020933984,92,0,24,1.0,0.7931034482758621,0.8846153846153846,False,,,,,,
SmartBugs-Curated,0,Logistic stacker (nested cross-fitted),1.0,0.65,micro_f1,0.8514851485148515,0.37994847020933975,86,0,30,1.0,0.7413793103448276,0.8514851485148515,False,,,,,,
SmartBugs-Curated,0,Logistic stacker (nested cross-fitted),1.0,0.7,micro_f1,0.8514851485148515,0.37994847020933975,86,0,30,1.0,0.7413793103448276,0.8514851485148515,False,,,,,,
SmartBugs-Curated,0,Logistic stacker (nested cross-fitted),1.0,0.75,micro_f1,0.8282828282828283,0.35798050682261207,82,0,34,1.0,0.7068965517241379,0.8282828282828283,False,,,,,,
SmartBugs-Curated,0,Logistic stacker (nested cross-fitted),1.0,0.8,micro_f1,0.7593582887700535,0.26296296296296295,71,0,45,1.0,0.6120689655172413,0.7593582887700535,False,,,,,,
SmartBugs-Curated,0,Logistic stacker (nested cross-fitted),1.0,0.85,micro_f1,0.4935064935064935,0.095,38,0,78,1.0,0.3275862068965517,0.4935064935064935,False,,,,,,
SmartBugs-Curated,0,Logistic stacker (nested cross-fitted),1.0,0.9,micro_f1,0.47368421052631576,0.09230769230769231,36,0,80,1.0,0.3103448275862069,0.47368421052631576,False,,,,,,
SmartBugs-Curated,0,Logistic stacker (nested cross-fitted),1.0,0.95,micro_f1,0.0,0.0,0,0,116,0.0,0.0,0.0,False,,,,,,
SmartBugs-Curated,0,Logistic stacker (nested cross-fitted),10.0,0.05,micro_f1,0.7320754716981132,0.5013657664323591,97,52,19,0.6510067114093959,0.8362068965517241,0.7320754716981132,False,,,,,,
SmartBugs-Curated,0,Logistic stacker (nested cross-fitted),10.0,0.1,micro_f1,0.8778280542986425,0.5177523210542079,97,8,19,0.9238095238095239,0.8362068965517241,0.8778280542986425,False,,,,,,
SmartBugs-Curated,0,Logistic stacker (nested cross-fitted),10.0,0.15,micro_f1,0.8818181818181818,0.5211711244730113,97,7,19,0.9326923076923077,0.8362068965517241,0.8818181818181818,False,,,,,,
SmartBugs-Curated,0,Logistic stacker (nested cross-fitted),10.0,0.2,micro_f1,0.8899082568807339,0.528863432165319,97,5,19,0.9509803921568627,0.8362068965517241,0.8899082568807339,False,,,,,,
SmartBugs-Curated,0,Logistic stacker (nested cross-fitted),10.0,0.25,micro_f1,0.8930232558139535,0.5313582059329756,96,3,20,0.9696969696969697,0.8275862068965517,0.8930232558139535,False,,,,,,
SmartBugs-Curated,0,Logistic stacker (nested cross-fitted),10.0,0.3,micro_f1,0.8878504672897196,0.5273899519647216,95,3,21,0.9693877551020408,0.8189655172413793,0.8878504672897196,False,,,,,,
SmartBugs-Curated,0,Logistic stacker (nested cross-fitted),10.0,0.35,micro_f1,0.8867924528301887,0.5281165311653117,94,2,22,0.9791666666666666,0.8103448275862069,0.8867924528301887,False,,,,,,
SmartBugs-Curated,0,Logistic stacker (nested cross-fitted),10.0,0.4,micro_f1,0.8909952606635071,0.5315353345841151,94,1,22,0.9894736842105263,0.8103448275862069,0.8909952606635071,False,,,,,,
SmartBugs-Curated,0,Logistic stacker (nested cross-fitted),10.0,0.45,micro_f1,0.8909952606635071,0.5315353345841151,94,1,22,0.9894736842105263,0.8103448275862069,0.8909952606635071,False,,,,,,
SmartBugs-Curated,0,Logistic stacker (nested cross-fitted),10.0,0.5,micro_f1,0.8857142857142857,0.5272276422764228,93,1,23,0.9893617021276596,0.8017241379310345,0.8857142857142857,False,,,,,,
SmartBugs-Curated,0,Logistic stacker (nested cross-fitted),10.0,0.55,micro_f1,0.8857142857142857,0.5272276422764228,93,1,23,0.9893617021276596,0.8017241379310345,0.8857142857142857,False,,,,,,
SmartBugs-Curated,0,Logistic stacker (nested cross-fitted),10.0,0.6,micro_f1,0.8857142857142857,0.5272276422764228,93,1,23,0.9893617021276596,0.8017241379310345,0.8857142857142857,False,,,,,,
SmartBugs-Curated,0,Logistic stacker (nested cross-fitted),10.0,0.65,micro_f1,0.8857142857142857,0.5272276422764228,93,1,23,0.9893617021276596,0.8017241379310345,0.8857142857142857,False,,,,,,
SmartBugs-Curated,0,Logistic stacker (nested cross-fitted),10.0,0.7,micro_f1,0.8899521531100478,0.5272276422764228,93,0,23,1.0,0.8017241379310345,0.8899521531100478,False,,,,,,
SmartBugs-Curated,0,Logistic stacker (nested cross-fitted),10.0,0.75,micro_f1,0.8846153846153846,0.5228798161894662,92,0,24,1.0,0.7931034482758621,0.8846153846153846,False,,,,,,
SmartBugs-Curated,0,Logistic stacker (nested cross-fitted),10.0,0.8,micro_f1,0.8792270531400966,0.5216151368760065,91,0,25,1.0,0.7844827586206896,0.8792270531400966,False,,,,,,
SmartBugs-Curated,0,Logistic stacker (nested cross-fitted),10.0,0.85,micro_f1,0.8792270531400966,0.5216151368760065,91,0,25,1.0,0.7844827586206896,0.8792270531400966,False,,,,,,
SmartBugs-Curated,0,Logistic stacker (nested cross-fitted),10.0,0.9,micro_f1,0.8571428571428571,0.41328180354267313,87,0,29,1.0,0.75,0.8571428571428571,False,,,,,,
SmartBugs-Curated,0,Logistic stacker (nested cross-fitted),10.0,0.95,micro_f1,0.7853403141361257,0.28429629629629627,75,0,41,1.0,0.646551724137931,0.7853403141361257,False,,,,,,
SmartBugs-Curated,1,Prevalence-only (nested cross-fitted),,0.05,micro_f1,0.24046242774566473,0.15321730870444333,104,648,9,0.13829787234042554,0.9203539823008849,0.24046242774566473,False,,,,,,
SmartBugs-Curated,1,Prevalence-only (nested cross-fitted),,0.1,micro_f1,0.32212389380530976,0.1295304936916064,91,361,22,0.2013274336283186,0.8053097345132744,0.32212389380530976,False,,,,,,
SmartBugs-Curated,1,Prevalence-only (nested cross-fitted),,0.15,micro_f1,0.3834808259587021,0.08828324959711821,65,161,48,0.28761061946902655,0.5752212389380531,0.3834808259587021,False,,,,,,
SmartBugs-Curated,1,Prevalence-only (nested cross-fitted),,0.2,micro_f1,0.3834808259587021,0.08828324959711821,65,161,48,0.28761061946902655,0.5752212389380531,0.3834808259587021,True,,,,,,
SmartBugs-Curated,1,Prevalence-only (nested cross-fitted),,0.25,micro_f1,0.36283185840707965,0.053246753246753244,41,72,72,0.36283185840707965,0.36283185840707965,0.36283185840707965,False,,,,,,
SmartBugs-Curated,1,Prevalence-only (nested cross-fitted),,0.3,micro_f1,0.36283185840707965,0.053246753246753244,41,72,72,0.36283185840707965,0.36283185840707965,0.36283185840707965,False,,,,,,
SmartBugs-Curated,1,Prevalence-only (nested cross-fitted),,0.35,micro_f1,0.36283185840707965,0.053246753246753244,41,72,72,0.36283185840707965,0.36283185840707965,0.36283185840707965,False,,,,,,
SmartBugs-Curated,1,Prevalence-only (nested cross-fitted),,0.4,micro_f1,0.0,0.0,0,0,113,0.0,0.0,0.0,False,,,,,,
SmartBugs-Curated,1,Prevalence-only (nested cross-fitted),,0.45,micro_f1,0.0,0.0,0,0,113,0.0,0.0,0.0,False,,,,,,
SmartBugs-Curated,1,Prevalence-only (nested cross-fitted),,0.5,micro_f1,0.0,0.0,0,0,113,0.0,0.0,0.0,False,,,,,,
SmartBugs-Curated,1,Prevalence-only (nested cross-fitted),,0.55,micro_f1,0.0,0.0,0,0,113,0.0,0.0,0.0,False,,,,,,
SmartBugs-Curated,1,Prevalence-only (nested cross-fitted),,0.6,micro_f1,0.0,0.0,0,0,113,0.0,0.0,0.0,False,,,,,,
SmartBugs-Curated,1,Prevalence-only (nested cross-fitted),,0.65,micro_f1,0.0,0.0,0,0,113,0.0,0.0,0.0,False,,,,,,
SmartBugs-Curated,1,Prevalence-only (nested cross-fitted),,0.7,micro_f1,0.0,0.0,0,0,113,0.0,0.0,0.0,False,,,,,,
SmartBugs-Curated,1,Prevalence-only (nested cross-fitted),,0.75,micro_f1,0.0,0.0,0,0,113,0.0,0.0,0.0,False,,,,,,
SmartBugs-Curated,1,Prevalence-only (nested cross-fitted),,0.8,micro_f1,0.0,0.0,0,0,113,0.0,0.0,0.0,False,,,,,,
SmartBugs-Curated,1,Prevalence-only (nested cross-fitted),,0.85,micro_f1,0.0,0.0,0,0,113,0.0,0.0,0.0,False,,,,,,
SmartBugs-Curated,1,Prevalence-only (nested cross-fitted),,0.9,micro_f1,0.0,0.0,0,0,113,0.0,0.0,0.0,False,,,,,,
SmartBugs-Curated,1,Prevalence-only (nested cross-fitted),,0.95,micro_f1,0.0,0.0,0,0,113,0.0,0.0,0.0,False,,,,,,
SmartBugs-Curated,1,Logistic stacker (nested cross-fitted),0.01,0.05,micro_f1,0.27412587412587414,0.14437643206695655,98,504,15,0.16279069767441862,0.8672566371681416,0.27412587412587414,False,,,,,,
SmartBugs-Curated,1,Logistic stacker (nested cross-fitted),0.01,0.1,micro_f1,0.32212389380530976,0.1295304936916064,91,361,22,0.2013274336283186,0.8053097345132744,0.32212389380530976,False,,,,,,
SmartBugs-Curated,1,Logistic stacker (nested cross-fitted),0.01,0.15,micro_f1,0.39766081871345027,0.12357736724417703,68,161,45,0.29694323144104806,0.6017699115044248,0.39766081871345027,False,,,,,,
SmartBugs-Curated,1,Logistic stacker (nested cross-fitted),0.01,0.2,micro_f1,0.44368600682593856,0.10599400599400599,65,115,48,0.3611111111111111,0.5752212389380531,0.44368600682593856,False,,,,,,
SmartBugs-Curated,1,Logistic stacker (nested cross-fitted),0.01,0.25,micro_f1,0.52,0.15324675324675324,65,72,48,0.4744525547445255,0.5752212389380531,0.52,False,,,,,,
SmartBugs-Curated,1,Logistic stacker (nested cross-fitted),0.01,0.3,micro_f1,0.36283185840707965,0.053246753246753244,41,72,72,0.36283185840707965,0.36283185840707965,0.36283185840707965,False,,,,,,
SmartBugs-Curated,1,Logistic stacker (nested cross-fitted),0.01,0.35,micro_f1,0.5189873417721519,0.09534883720930233,41,4,72,0.9111111111111111,0.36283185840707965,0.5189873417721519,False,,,,,,
SmartBugs-Curated,1,Logistic stacker (nested cross-fitted),0.01,0.4,micro_f1,0.5131578947368421,0.0975,39,0,74,1.0,0.34513274336283184,0.5131578947368421,False,,,,,,
SmartBugs-Curated,1,Logistic stacker (nested cross-fitted),0.01,0.45,micro_f1,0.0,0.0,0,0,113,0.0,0.0,0.0,False,,,,,,
SmartBugs-Curated,1,Logistic stacker (nested cross-fitted),0.01,0.5,micro_f1,0.0,0.0,0,0,113,0.0,0.0,0.0,False,,,,,,
SmartBugs-Curated,1,Logistic stacker (nested cross-fitted),0.01,0.55,micro_f1,0.0,0.0,0,0,113,0.0,0.0,0.0,False,,,,,,
SmartBugs-Curated,1,Logistic stacker (nested cross-fitted),0.01,0.6,micro_f1,0.0,0.0,0,0,113,0.0,0.0,0.0,False,,,,,,
SmartBugs-Curated,1,Logistic stacker (nested cross-fitted),0.01,0.65,micro_f1,0.0,0.0,0,0,113,0.0,0.0,0.0,False,,,,,,
SmartBugs-Curated,1,Logistic stacker (nested cross-fitted),0.01,0.7,micro_f1,0.0,0.0,0,0,113,0.0,0.0,0.0,False,,,,,,
SmartBugs-Curated,1,Logistic stacker (nested cross-fitted),0.01,0.75,micro_f1,0.0,0.0,0,0,113,0.0,0.0,0.0,False,,,,,,
SmartBugs-Curated,1,Logistic stacker (nested cross-fitted),0.01,0.8,micro_f1,0.0,0.0,0,0,113,0.0,0.0,0.0,False,,,,,,
SmartBugs-Curated,1,Logistic stacker (nested cross-fitted),0.01,0.85,micro_f1,0.0,0.0,0,0,113,0.0,0.0,0.0,False,,,,,,
SmartBugs-Curated,1,Logistic stacker (nested cross-fitted),0.01,0.9,micro_f1,0.0,0.0,0,0,113,0.0,0.0,0.0,False,,,,,,
SmartBugs-Curated,1,Logistic stacker (nested cross-fitted),0.01,0.95,micro_f1,0.0,0.0,0,0,113,0.0,0.0,0.0,False,,,,,,
SmartBugs-Curated,1,Logistic stacker (nested cross-fitted),0.1,0.05,micro_f1,0.35800344234079173,0.37619716035827305,104,364,9,0.2222222222222222,0.9203539823008849,0.35800344234079173,False,,,,,,
SmartBugs-Curated,1,Logistic stacker (nested cross-fitted),0.1,0.1,micro_f1,0.4961636828644501,0.36276490828930325,97,181,16,0.3489208633093525,0.8584070796460177,0.4961636828644501,False,,,,,,
SmartBugs-Curated,1,Logistic stacker (nested cross-fitted),0.1,0.15,micro_f1,0.6020066889632107,0.30558102028690265,90,96,23,0.4838709677419355,0.7964601769911505,0.6020066889632107,False,,,,,,
SmartBugs-Curated,1,Logistic stacker (nested cross-fitted),0.1,0.2,micro_f1,0.8018018018018018,0.3637139951327594,89,20,24,0.8165137614678899,0.7876106194690266,0.8018018018018018,False,,,,,,
SmartBugs-Curated,1,Logistic stacker (nested cross-fitted),0.1,0.25,micro_f1,0.8186046511627907,0.3711939087739273,88,14,25,0.8627450980392157,0.7787610619469026,0.8186046511627907,False,,,,,,
SmartBugs-Curated,1,Logistic stacker (nested cross-fitted),0.1,0.3,micro_f1,0.8020833333333334,0.2883076923076923,77,2,36,0.9746835443037974,0.6814159292035398,0.8020833333333334,False,,,,,,
SmartBugs-Curated,1,Logistic stacker (nested cross-fitted),0.1,0.35,micro_f1,0.7513812154696132,0.23529411764705882,68,0,45,1.0,0.6017699115044248,0.7513812154696132,False,,,,,,
SmartBugs-Curated,1,Logistic stacker (nested cross-fitted),0.1,0.4,micro_f1,0.7303370786516854,0.2,65,0,48,1.0,0.5752212389380531,0.7303370786516854,False,,,,,,
SmartBugs-Curated,1,Logistic stacker (nested cross-fitted),0.1,0.45,micro_f1,0.7303370786516854,0.2,65,0,48,1.0,0.5752212389380531,0.7303370786516854,False,,,,,,
SmartBugs-Curated,1,Logistic stacker (nested cross-fitted),0.1,0.5,micro_f1,0.6705882352941176,0.18,57,0,56,1.0,0.504424778761062,0.6705882352941176,False,,,,,,
SmartBugs-Curated,1,Logistic stacker (nested cross-fitted),0.1,0.55,micro_f1,0.5131578947368421,0.0975,39,0,74,1.0,0.34513274336283184,0.5131578947368421,False,,,,,,
SmartBugs-Curated,1,Logistic stacker (nested cross-fitted),0.1,0.6,micro_f1,0.5033112582781457,0.09620253164556962,38,0,75,1.0,0.336283185840708,0.5033112582781457,False,,,,,,
SmartBugs-Curated,1,Logistic stacker (nested cross-fitted),0.1,0.65,micro_f1,0.5033112582781457,0.09620253164556962,38,0,75,1.0,0.336283185840708,0.5033112582781457,False,,,,,,
SmartBugs-Curated,1,Logistic stacker (nested cross-fitted),0.1,0.7,micro_f1,0.0,0.0,0,0,113,0.0,0.0,0.0,False,,,,,,
SmartBugs-Curated,1,Logistic stacker (nested cross-fitted),0.1,0.75,micro_f1,0.0,0.0,0,0,113,0.0,0.0,0.0,False,,,,,,
SmartBugs-Curated,1,Logistic stacker (nested cross-fitted),0.1,0.8,micro_f1,0.0,0.0,0,0,113,0.0,0.0,0.0,False,,,,,,
SmartBugs-Curated,1,Logistic stacker (nested cross-fitted),0.1,0.85,micro_f1,0.0,0.0,0,0,113,0.0,0.0,0.0,False,,,,,,
SmartBugs-Curated,1,Logistic stacker (nested cross-fitted),0.1,0.9,micro_f1,0.0,0.0,0,0,113,0.0,0.0,0.0,False,,,,,,
SmartBugs-Curated,1,Logistic stacker (nested cross-fitted),0.1,0.95,micro_f1,0.0,0.0,0,0,113,0.0,0.0,0.0,False,,,,,,
SmartBugs-Curated,1,Logistic stacker (nested cross-fitted),1.0,0.05,micro_f1,0.7303754266211604,0.5405523501266536,107,73,6,0.5944444444444444,0.9469026548672567,0.7303754266211604,False,,,,,,
SmartBugs-Curated,1,Logistic stacker (nested cross-fitted),1.0,0.1,micro_f1,0.856,0.7049744720583269,107,30,6,0.781021897810219,0.9469026548672567,0.856,False,,,,,,
SmartBugs-Curated,1,Logistic stacker (nested cross-fitted),1.0,0.15,micro_f1,0.9298245614035088,0.7126617083615054,106,9,7,0.9217391304347826,0.9380530973451328,0.9298245614035088,False,,,,,,
SmartBugs-Curated,1,Logistic stacker (nested cross-fitted),1.0,0.2,micro_f1,0.9333333333333333,0.6758636788048553,105,7,8,0.9375,0.9292035398230089,0.9333333333333333,False,,,,,,
SmartBugs-Curated,1,Logistic stacker (nested cross-fitted),1.0,0.25,micro_f1,0.9375,0.6777460317460318,105,6,8,0.9459459459459459,0.9292035398230089,0.9375,False,,,,,,
SmartBugs-Curated,1,Logistic stacker (nested cross-fitted),1.0,0.3,micro_f1,0.9502262443438914,0.6888571428571428,105,3,8,0.9722222222222222,0.9292035398230089,0.9502262443438914,False,,,,,,
SmartBugs-Curated,1,Logistic stacker (nested cross-fitted),1.0,0.35,micro_f1,0.9502262443438914,0.6888571428571428,105,3,8,0.9722222222222222,0.9292035398230089,0.9502262443438914,True,,,,,,
SmartBugs-Curated,1,Logistic stacker (nested cross-fitted),1.0,0.4,micro_f1,0.9488372093023256,0.658974358974359,102,0,11,1.0,0.9026548672566371,0.9488372093023256,False,,,,,,
SmartBugs-Curated,1,Logistic stacker (nested cross-fitted),1.0,0.45,micro_f1,0.9439252336448598,0.6546265328874025,101,0,12,1.0,0.8938053097345132,0.9439252336448598,False,,,,,,
SmartBugs-Curated,1,Logistic stacker (nested cross-fitted),1.0,0.5,micro_f1,0.9439252336448598,0.6546265328874025,101,0,12,1.0,0.8938053097345132,0.9439252336448598,False,,,,,,
SmartBugs-Curated,1,Logistic stacker (nested cross-fitted),1.0,0.55,micro_f1,0.9134615384615384,0.521293199554069,95,0,18,1.0,0.8407079646017699,0.9134615384615384,False,,,,,,
SmartBugs-Curated,1,Logistic stacker (nested cross-fitted),1.0,0.6,micro_f1,0.9134615384615384,0.521293199554069,95,0,18,1.0,0.8407079646017699,0.9134615384615384,False,,,,,,
SmartBugs-Curated,1,Logistic stacker (nested cross-fitted),1.0,0.65,micro_f1,0.8756218905472637,0.3879598662207358,88,0,25,1.0,0.7787610619469026,0.8756218905472637,False,,,,,,
SmartBugs-Curated,1,Logistic stacker (nested cross-fitted),1.0,0.7,micro_f1,0.8756218905472637,0.3879598662207358,88,0,25,1.0,0.7787610619469026,0.8756218905472637,False,,,,,,
SmartBugs-Curated,1,Logistic stacker (nested cross-fitted),1.0,0.75,micro_f1,0.8585858585858586,0.37230769230769234,85,0,28,1.0,0.7522123893805309,0.8585858585858586,False,,,,,,
SmartBugs-Curated,1,Logistic stacker (nested cross-fitted),1.0,0.8,micro_f1,0.7444444444444445,0.23405954974582427,67,0,46,1.0,0.5929203539823009,0.7444444444444445,False,,,,,,
SmartBugs-Curated,1,Logistic stacker (nested cross-fitted),1.0,0.85,micro_f1,0.5033112582781457,0.09620253164556962,38,0,75,1.0,0.336283185840708,0.5033112582781457,False,,,,,,
SmartBugs-Curated,1,Logistic stacker (nested cross-fitted),1.0,0.9,micro_f1,0.5033112582781457,0.09620253164556962,38,0,75,1.0,0.336283185840708,0.5033112582781457,False,,,,,,
SmartBugs-Curated,1,Logistic stacker (nested cross-fitted),1.0,0.95,micro_f1,0.0,0.0,0,0,113,0.0,0.0,0.0,False,,,,,,
SmartBugs-Curated,1,Logistic stacker (nested cross-fitted),10.0,0.05,micro_f1,0.5193370165745856,0.4633732280791104,94,155,19,0.37751004016064255,0.831858407079646,0.5193370165745856,False,,,,,,
SmartBugs-Curated,1,Logistic stacker (nested cross-fitted),10.0,0.1,micro_f1,0.8584474885844748,0.48337599407579124,94,12,19,0.8867924528301887,0.831858407079646,0.8584474885844748,False,,,,,,
SmartBugs-Curated,1,Logistic stacker (nested cross-fitted),10.0,0.15,micro_f1,0.8703703703703703,0.49448710518690236,94,9,19,0.912621359223301,0.831858407079646,0.8703703703703703,False,,,,,,
SmartBugs-Curated,1,Logistic stacker (nested cross-fitted),10.0,0.2,micro_f1,0.8826291079812206,0.5094871051869023,94,6,19,0.94,0.831858407079646,0.8826291079812206,False,,,,,,
SmartBugs-Curated,1,Logistic stacker (nested cross-fitted),10.0,0.25,micro_f1,0.8909952606635071,0.5133286418015481,94,4,19,0.9591836734693877,0.831858407079646,0.8909952606635071,False,,,,,,
SmartBugs-Curated,1,Logistic stacker (nested cross-fitted),10.0,0.3,micro_f1,0.8909952606635071,0.5133286418015481,94,4,19,0.9591836734693877,0.831858407079646,0.8909952606635071,False,,,,,,
SmartBugs-Curated,1,Logistic stacker (nested cross-fitted),10.0,0.35,micro_f1,0.8995215311004785,0.5185714285714286,94,2,19,0.9791666666666666,0.831858407079646,0.8995215311004785,False,,,,,,
SmartBugs-Curated,1,Logistic stacker (nested cross-fitted),10.0,0.4,micro_f1,0.8995215311004785,0.5185714285714286,94,2,19,0.9791666666666666,0.831858407079646,0.8995215311004785,False,,,,,,
SmartBugs-Curated,1,Logistic stacker (nested cross-fitted),10.0,0.45,micro_f1,0.8995215311004785,0.5185714285714286,94,2,19,0.9791666666666666,0.831858407079646,0.8995215311004785,False,,,,,,
SmartBugs-Curated,1,Logistic stacker (nested cross-fitted),10.0,0.5,micro_f1,0.8985507246376812,0.518021978021978,93,1,20,0.9893617021276596,0.8230088495575221,0.8985507246376812,False,,,,,,
SmartBugs-Curated,1,Logistic stacker (nested cross-fitted),10.0,0.55,micro_f1,0.8985507246376812,0.518021978021978,93,1,20,0.9893617021276596,0.8230088495575221,0.8985507246376812,False,,,,,,
SmartBugs-Curated,1,Logistic stacker (nested cross-fitted),10.0,0.6,micro_f1,0.8985507246376812,0.518021978021978,93,1,20,0.9893617021276596,0.8230088495575221,0.8985507246376812,False,,,,,,
SmartBugs-Curated,1,Logistic stacker (nested cross-fitted),10.0,0.65,micro_f1,0.8985507246376812,0.518021978021978,93,1,20,0.9893617021276596,0.8230088495575221,0.8985507246376812,False,,,,,,
SmartBugs-Curated,1,Logistic stacker (nested cross-fitted),10.0,0.7,micro_f1,0.8985507246376812,0.518021978021978,93,1,20,0.9893617021276596,0.8230088495575221,0.8985507246376812,False,,,,,,
SmartBugs-Curated,1,Logistic stacker (nested cross-fitted),10.0,0.75,micro_f1,0.8921568627450981,0.4736741519350215,91,0,22,1.0,0.8053097345132744,0.8921568627450981,False,,,,,,
SmartBugs-Curated,1,Logistic stacker (nested cross-fitted),10.0,0.8,micro_f1,0.8921568627450981,0.4736741519350215,91,0,22,1.0,0.8053097345132744,0.8921568627450981,False,,,,,,
SmartBugs-Curated,1,Logistic stacker (nested cross-fitted),10.0,0.85,micro_f1,0.8921568627450981,0.4736741519350215,91,0,22,1.0,0.8053097345132744,0.8921568627450981,False,,,,,,
SmartBugs-Curated,1,Logistic stacker (nested cross-fitted),10.0,0.9,micro_f1,0.8756218905472637,0.3879598662207358,88,0,25,1.0,0.7787610619469026,0.8756218905472637,False,,,,,,
SmartBugs-Curated,1,Logistic stacker (nested cross-fitted),10.0,0.95,micro_f1,0.8042328042328042,0.2910731244064578,76,0,37,1.0,0.672566371681416,0.8042328042328042,False,,,,,,
SmartBugs-Curated,2,Prevalence-only (nested cross-fitted),,0.05,micro_f1,0.24277456647398843,0.1544126964120494,105,647,8,0.13962765957446807,0.9292035398230089,0.24277456647398843,False,,,,,,
SmartBugs-Curated,2,Prevalence-only (nested cross-fitted),,0.1,micro_f1,0.3256637168141593,0.13072588139921243,92,360,21,0.20353982300884957,0.8141592920353983,0.3256637168141593,False,,,,,,
SmartBugs-Curated,2,Prevalence-only (nested cross-fitted),,0.15,micro_f1,0.3893805309734513,0.08947863730472425,66,160,47,0.2920353982300885,0.584070796460177,0.3893805309734513,False,,,,,,
SmartBugs-Curated,2,Prevalence-only (nested cross-fitted),,0.2,micro_f1,0.3893805309734513,0.08947863730472425,66,160,47,0.2920353982300885,0.584070796460177,0.3893805309734513,True,,,,,,
SmartBugs-Curated,2,Prevalence-only (nested cross-fitted),,0.25,micro_f1,0.36283185840707965,0.053246753246753244,41,72,72,0.36283185840707965,0.36283185840707965,0.36283185840707965,False,,,,,,
SmartBugs-Curated,2,Prevalence-only (nested cross-fitted),,0.3,micro_f1,0.36283185840707965,0.053246753246753244,41,72,72,0.36283185840707965,0.36283185840707965,0.36283185840707965,False,,,,,,
SmartBugs-Curated,2,Prevalence-only (nested cross-fitted),,0.35,micro_f1,0.36283185840707965,0.053246753246753244,41,72,72,0.36283185840707965,0.36283185840707965,0.36283185840707965,False,,,,,,
SmartBugs-Curated,2,Prevalence-only (nested cross-fitted),,0.4,micro_f1,0.0,0.0,0,0,113,0.0,0.0,0.0,False,,,,,,
SmartBugs-Curated,2,Prevalence-only (nested cross-fitted),,0.45,micro_f1,0.0,0.0,0,0,113,0.0,0.0,0.0,False,,,,,,
SmartBugs-Curated,2,Prevalence-only (nested cross-fitted),,0.5,micro_f1,0.0,0.0,0,0,113,0.0,0.0,0.0,False,,,,,,
SmartBugs-Curated,2,Prevalence-only (nested cross-fitted),,0.55,micro_f1,0.0,0.0,0,0,113,0.0,0.0,0.0,False,,,,,,
SmartBugs-Curated,2,Prevalence-only (nested cross-fitted),,0.6,micro_f1,0.0,0.0,0,0,113,0.0,0.0,0.0,False,,,,,,
SmartBugs-Curated,2,Prevalence-only (nested cross-fitted),,0.65,micro_f1,0.0,0.0,0,0,113,0.0,0.0,0.0,False,,,,,,
SmartBugs-Curated,2,Prevalence-only (nested cross-fitted),,0.7,micro_f1,0.0,0.0,0,0,113,0.0,0.0,0.0,False,,,,,,
SmartBugs-Curated,2,Prevalence-only (nested cross-fitted),,0.75,micro_f1,0.0,0.0,0,0,113,0.0,0.0,0.0,False,,,,,,
SmartBugs-Curated,2,Prevalence-only (nested cross-fitted),,0.8,micro_f1,0.0,0.0,0,0,113,0.0,0.0,0.0,False,,,,,,
SmartBugs-Curated,2,Prevalence-only (nested cross-fitted),,0.85,micro_f1,0.0,0.0,0,0,113,0.0,0.0,0.0,False,,,,,,
SmartBugs-Curated,2,Prevalence-only (nested cross-fitted),,0.9,micro_f1,0.0,0.0,0,0,113,0.0,0.0,0.0,False,,,,,,
SmartBugs-Curated,2,Prevalence-only (nested cross-fitted),,0.95,micro_f1,0.0,0.0,0,0,113,0.0,0.0,0.0,False,,,,,,
SmartBugs-Curated,2,Logistic stacker (nested cross-fitted),0.01,0.05,micro_f1,0.27692307692307694,0.1455718197745626,99,503,14,0.1644518272425249,0.8761061946902655,0.27692307692307694,False,,,,,,
SmartBugs-Curated,2,Logistic stacker (nested cross-fitted),0.01,0.1,micro_f1,0.3256637168141593,0.13072588139921243,92,360,21,0.20353982300884957,0.8141592920353983,0.3256637168141593,False,,,,,,
SmartBugs-Curated,2,Logistic stacker (nested cross-fitted),0.01,0.15,micro_f1,0.40350877192982454,0.12477275495178308,69,160,44,0.30131004366812225,0.6106194690265486,0.40350877192982454,False,,,,,,
SmartBugs-Curated,2,Logistic stacker (nested cross-fitted),0.01,0.2,micro_f1,0.416403785488959,0.09635020152261531,66,138,47,0.3235294117647059,0.584070796460177,0.416403785488959,False,,,,,,
SmartBugs-Curated,2,Logistic stacker (nested cross-fitted),0.01,0.25,micro_f1,0.5258964143426295,0.15324675324675324,66,72,47,0.4782608695652174,0.584070796460177,0.5258964143426295,False,,,,,,
SmartBugs-Curated,2,Logistic stacker (nested cross-fitted),0.01,0.3,micro_f1,0.36283185840707965,0.053246753246753244,41,72,72,0.36283185840707965,0.36283185840707965,0.36283185840707965,False,,,,,,
SmartBugs-Curated,2,Logistic stacker (nested cross-fitted),0.01,0.35,micro_f1,0.5093167701863354,0.09213483146067417,41,7,72,0.8541666666666666,0.36283185840707965,0.5093167701863354,False,,,,,,
SmartBugs-Curated,2,Logistic stacker (nested cross-fitted),0.01,0.4,micro_f1,0.48322147651006714,0.09350649350649351,36,0,77,1.0,0.3185840707964602,0.48322147651006714,False,,,,,,
SmartBugs-Curated,2,Logistic stacker (nested cross-fitted),0.01,0.45,micro_f1,0.0,0.0,0,0,113,0.0,0.0,0.0,False,,,,,,
SmartBugs-Curated,2,Logistic stacker (nested cross-fitted),0.01,0.5,micro_f1,0.0,0.0,0,0,113,0.0,0.0,0.0,False,,,,,,
SmartBugs-Curated,2,Logistic stacker (nested cross-fitted),0.01,0.55,micro_f1,0.0,0.0,0,0,113,0.0,0.0,0.0,False,,,,,,
SmartBugs-Curated,2,Logistic stacker (nested cross-fitted),0.01,0.6,micro_f1,0.0,0.0,0,0,113,0.0,0.0,0.0,False,,,,,,
SmartBugs-Curated,2,Logistic stacker (nested cross-fitted),0.01,0.65,micro_f1,0.0,0.0,0,0,113,0.0,0.0,0.0,False,,,,,,
SmartBugs-Curated,2,Logistic stacker (nested cross-fitted),0.01,0.7,micro_f1,0.0,0.0,0,0,113,0.0,0.0,0.0,False,,,,,,
SmartBugs-Curated,2,Logistic stacker (nested cross-fitted),0.01,0.75,micro_f1,0.0,0.0,0,0,113,0.0,0.0,0.0,False,,,,,,
SmartBugs-Curated,2,Logistic stacker (nested cross-fitted),0.01,0.8,micro_f1,0.0,0.0,0,0,113,0.0,0.0,0.0,False,,,,,,
SmartBugs-Curated,2,Logistic stacker (nested cross-fitted),0.01,0.85,micro_f1,0.0,0.0,0,0,113,0.0,0.0,0.0,False,,,,,,
SmartBugs-Curated,2,Logistic stacker (nested cross-fitted),0.01,0.9,micro_f1,0.0,0.0,0,0,113,0.0,0.0,0.0,False,,,,,,
SmartBugs-Curated,2,Logistic stacker (nested cross-fitted),0.01,0.95,micro_f1,0.0,0.0,0,0,113,0.0,0.0,0.0,False,,,,,,
SmartBugs-Curated,2,Logistic stacker (nested cross-fitted),0.1,0.05,micro_f1,0.3602058319039451,0.36072588139921247,105,365,8,0.22340425531914893,0.9292035398230089,0.3602058319039451,False,,,,,,
SmartBugs-Curated,2,Logistic stacker (nested cross-fitted),0.1,0.1,micro_f1,0.5,0.362205910031997,98,181,15,0.35125448028673834,0.8672566371681416,0.5,False,,,,,,
SmartBugs-Curated,2,Logistic stacker (nested cross-fitted),0.1,0.15,micro_f1,0.5909090909090909,0.2880506748153807,91,104,22,0.4666666666666667,0.8053097345132744,0.5909090909090909,False,,,,,,
SmartBugs-Curated,2,Logistic stacker (nested cross-fitted),0.1,0.2,micro_f1,0.777292576419214,0.3527479593536565,89,27,24,0.7672413793103449,0.7876106194690266,0.777292576419214,False,,,,,,
SmartBugs-Curated,2,Logistic stacker (nested cross-fitted),0.1,0.25,micro_f1,0.7963800904977375,0.36180602006688967,88,20,25,0.8148148148148148,0.7787610619469026,0.7963800904977375,False,,,,,,
SmartBugs-Curated,2,Logistic stacker (nested cross-fitted),0.1,0.3,micro_f1,0.776595744680851,0.26282051282051283,73,2,40,0.9733333333333334,0.6460176991150443,0.776595744680851,False,,,,,,
SmartBugs-Curated,2,Logistic stacker (nested cross-fitted),0.1,0.35,micro_f1,0.7513812154696132,0.23405954974582427,68,0,45,1.0,0.6017699115044248,0.7513812154696132,False,,,,,,
SmartBugs-Curated,2,Logistic stacker (nested cross-fitted),0.1,0.4,micro_f1,0.7303370786516854,0.19876543209876543,65,0,48,1.0,0.5752212389380531,0.7303370786516854,False,,,,,,
SmartBugs-Curated,2,Logistic stacker (nested cross-fitted),0.1,0.45,micro_f1,0.7231638418079096,0.1975,64,0,49,1.0,0.5663716814159292,0.7231638418079096,False,,,,,,
SmartBugs-Curated,2,Logistic stacker (nested cross-fitted),0.1,0.5,micro_f1,0.6467065868263473,0.1742513121333745,54,0,59,1.0,0.4778761061946903,0.6467065868263473,False,,,,,,
SmartBugs-Curated,2,Logistic stacker (nested cross-fitted),0.1,0.55,micro_f1,0.48322147651006714,0.09350649350649351,36,0,77,1.0,0.3185840707964602,0.48322147651006714,False,,,,,,
SmartBugs-Curated,2,Logistic stacker (nested cross-fitted),0.1,0.6,micro_f1,0.47297297297297297,0.09210526315789473,35,0,78,1.0,0.30973451327433627,0.47297297297297297,False,,,,,,
SmartBugs-Curated,2,Logistic stacker (nested cross-fitted),0.1,0.65,micro_f1,0.47297297297297297,0.09210526315789473,35,0,78,1.0,0.30973451327433627,0.47297297297297297,False,,,,,,
SmartBugs-Curated,2,Logistic stacker (nested cross-fitted),0.1,0.7,micro_f1,0.0,0.0,0,0,113,0.0,0.0,0.0,False,,,,,,
SmartBugs-Curated,2,Logistic stacker (nested cross-fitted),0.1,0.75,micro_f1,0.0,0.0,0,0,113,0.0,0.0,0.0,False,,,,,,
SmartBugs-Curated,2,Logistic stacker (nested cross-fitted),0.1,0.8,micro_f1,0.0,0.0,0,0,113,0.0,0.0,0.0,False,,,,,,
SmartBugs-Curated,2,Logistic stacker (nested cross-fitted),0.1,0.85,micro_f1,0.0,0.0,0,0,113,0.0,0.0,0.0,False,,,,,,
SmartBugs-Curated,2,Logistic stacker (nested cross-fitted),0.1,0.9,micro_f1,0.0,0.0,0,0,113,0.0,0.0,0.0,False,,,,,,
SmartBugs-Curated,2,Logistic stacker (nested cross-fitted),0.1,0.95,micro_f1,0.0,0.0,0,0,113,0.0,0.0,0.0,False,,,,,,
SmartBugs-Curated,2,Logistic stacker (nested cross-fitted),1.0,0.05,micro_f1,0.7114093959731543,0.487932400932401,106,79,7,0.572972972972973,0.9380530973451328,0.7114093959731543,False,,,,,,
SmartBugs-Curated,2,Logistic stacker (nested cross-fitted),1.0,0.1,micro_f1,0.828125,0.626658024371273,106,37,7,0.7412587412587412,0.9380530973451328,0.828125,False,,,,,,
SmartBugs-Curated,2,Logistic stacker (nested cross-fitted),1.0,0.15,micro_f1,0.933920704845815,0.6760856543875412,106,8,7,0.9298245614035088,0.9380530973451328,0.933920704845815,False,,,,,,
SmartBugs-Curated,2,Logistic stacker (nested cross-fitted),1.0,0.2,micro_f1,0.9380530973451328,0.6760856543875412,106,7,7,0.9380530973451328,0.9380530973451328,0.9380530973451328,False,,,,,,
SmartBugs-Curated,2,Logistic stacker (nested cross-fitted),1.0,0.25,micro_f1,0.9375,0.6766653099986433,105,6,8,0.9459459459459459,0.9292035398230089,0.9375,False,,,,,,
SmartBugs-Curated,2,Logistic stacker (nested cross-fitted),1.0,0.3,micro_f1,0.9327354260089686,0.6726970560303893,104,6,9,0.9454545454545454,0.9203539823008849,0.9327354260089686,False,,,,,,
SmartBugs-Curated,2,Logistic stacker (nested cross-fitted),1.0,0.35,micro_f1,0.9541284403669725,0.6876543209876542,104,1,9,0.9904761904761905,0.9203539823008849,0.9541284403669725,True,,,,,,
SmartBugs-Curated,2,Logistic stacker (nested cross-fitted),1.0,0.4,micro_f1,0.9395348837209302,0.6500474833808167,101,1,12,0.9901960784313726,0.8938053097345132,0.9395348837209302,False,,,,,,
SmartBugs-Curated,2,Logistic stacker (nested cross-fitted),1.0,0.45,micro_f1,0.9295774647887324,0.6444342251950947,99,1,14,0.99,0.8761061946902655,0.9295774647887324,False,,,,,,
SmartBugs-Curated,2,Logistic stacker (nested cross-fitted),1.0,0.5,micro_f1,0.9289099526066351,0.6465213722252797,98,0,15,1.0,0.8672566371681416,0.9289099526066351,False,,,,,,
SmartBugs-Curated,2,Logistic stacker (nested cross-fitted),1.0,0.55,micro_f1,0.8975609756097561,0.5131880388919464,92,0,21,1.0,0.8141592920353983,0.8975609756097561,False,,,,,,
SmartBugs-Curated,2,Logistic stacker (nested cross-fitted),1.0,0.6,micro_f1,0.8975609756097561,0.5131880388919464,92,0,21,1.0,0.8141592920353983,0.8975609756097561,False,,,,,,
SmartBugs-Curated,2,Logistic stacker (nested cross-fitted),1.0,0.65,micro_f1,0.8585858585858586,0.3798547055586131,85,0,28,1.0,0.7522123893805309,0.8585858585858586,False,,,,,,
SmartBugs-Curated,2,Logistic stacker (nested cross-fitted),1.0,0.7,micro_f1,0.8585858585858586,0.3798547055586131,85,0,28,1.0,0.7522123893805309,0.8585858585858586,False,,,,,,
SmartBugs-Curated,2,Logistic stacker (nested cross-fitted),1.0,0.75,micro_f1,0.8167539267015707,0.3342025316455696,78,0,35,1.0,0.6902654867256637,0.8167539267015707,False,,,,,,
SmartBugs-Curated,2,Logistic stacker (nested cross-fitted),1.0,0.8,micro_f1,0.7231638418079096,0.22880061115355232,64,0,49,1.0,0.5663716814159292,0.7231638418079096,False,,,,,,
SmartBugs-Curated,2,Logistic stacker (nested cross-fitted),1.0,0.85,micro_f1,0.5605095541401274,0.14199134199134197,44,0,69,1.0,0.3893805309734513,0.5605095541401274,False,,,,,,
SmartBugs-Curated,2,Logistic stacker (nested cross-fitted),1.0,0.9,micro_f1,0.47297297297297297,0.09210526315789473,35,0,78,1.0,0.30973451327433627,0.47297297297297297,False,,,,,,
SmartBugs-Curated,2,Logistic stacker (nested cross-fitted),1.0,0.95,micro_f1,0.0,0.0,0,0,113,0.0,0.0,0.0,False,,,,,,
SmartBugs-Curated,2,Logistic stacker (nested cross-fitted),10.0,0.05,micro_f1,0.66,0.5547364480383348,99,88,14,0.5294117647058824,0.8761061946902655,0.66,False,,,,,,
SmartBugs-Curated,2,Logistic stacker (nested cross-fitted),10.0,0.1,micro_f1,0.875,0.5510856543875412,98,13,15,0.8828828828828829,0.8672566371681416,0.875,False,,,,,,
SmartBugs-Curated,2,Logistic stacker (nested cross-fitted),10.0,0.15,micro_f1,0.8699551569506726,0.5498510864863067,97,13,16,0.8818181818181818,0.8584070796460177,0.8699551569506726,False,,,,,,
SmartBugs-Curated,2,Logistic stacker (nested cross-fitted),10.0,0.2,micro_f1,0.8930232558139535,0.5495824255628177,96,6,17,0.9411764705882353,0.8495575221238938,0.8930232558139535,False,,,,,,
SmartBugs-Curated,2,Logistic stacker (nested cross-fitted),10.0,0.25,micro_f1,0.8878504672897196,0.5483169934640523,95,6,18,0.9405940594059405,0.8407079646017699,0.8878504672897196,False,,,,,,
SmartBugs-Curated,2,Logistic stacker (nested cross-fitted),10.0,0.3,micro_f1,0.892018779342723,0.5502777777777778,95,5,18,0.95,0.8407079646017699,0.892018779342723,False,,,,,,
SmartBugs-Curated,2,Logistic stacker (nested cross-fitted),10.0,0.35,micro_f1,0.9047619047619048,0.5613888888888889,95,2,18,0.979381443298969,0.8407079646017699,0.9047619047619048,False,,,,,,
SmartBugs-Curated,2,Logistic stacker (nested cross-fitted),10.0,0.4,micro_f1,0.8995215311004785,0.5600914205344585,94,2,19,0.9791666666666666,0.831858407079646,0.8995215311004785,False,,,,,,
SmartBugs-Curated,2,Logistic stacker (nested cross-fitted),10.0,0.45,micro_f1,0.8995215311004785,0.5600914205344585,94,2,19,0.9791666666666666,0.831858407079646,0.8995215311004785,False,,,,,,
SmartBugs-Curated,2,Logistic stacker (nested cross-fitted),10.0,0.5,micro_f1,0.8995215311004785,0.5600914205344585,94,2,19,0.9791666666666666,0.831858407079646,0.8995215311004785,False,,,,,,
SmartBugs-Curated,2,Logistic stacker (nested cross-fitted),10.0,0.55,micro_f1,0.8995215311004785,0.5600914205344585,94,2,19,0.9791666666666666,0.831858407079646,0.8995215311004785,False,,,,,,
SmartBugs-Curated,2,Logistic stacker (nested cross-fitted),10.0,0.6,micro_f1,0.8942307692307693,0.5558179162609542,93,2,20,0.9789473684210527,0.8230088495575221,0.8942307692307693,False,,,,,,
SmartBugs-Curated,2,Logistic stacker (nested cross-fitted),10.0,0.65,micro_f1,0.8942307692307693,0.5558179162609542,93,2,20,0.9789473684210527,0.8230088495575221,0.8942307692307693,False,,,,,,
SmartBugs-Curated,2,Logistic stacker (nested cross-fitted),10.0,0.7,micro_f1,0.8985507246376812,0.5592025316455695,93,1,20,0.9893617021276596,0.8230088495575221,0.8985507246376812,False,,,,,,
SmartBugs-Curated,2,Logistic stacker (nested cross-fitted),10.0,0.75,micro_f1,0.8975609756097561,0.5548547055586132,92,0,21,1.0,0.8141592920353983,0.8975609756097561,False,,,,,,
SmartBugs-Curated,2,Logistic stacker (nested cross-fitted),10.0,0.8,micro_f1,0.8975609756097561,0.5548547055586132,92,0,21,1.0,0.8141592920353983,0.8975609756097561,False,,,,,,
SmartBugs-Curated,2,Logistic stacker (nested cross-fitted),10.0,0.85,micro_f1,0.8975609756097561,0.5548547055586132,92,0,21,1.0,0.8141592920353983,0.8975609756097561,False,,,,,,
SmartBugs-Curated,2,Logistic stacker (nested cross-fitted),10.0,0.9,micro_f1,0.864321608040201,0.41318803889194644,86,0,27,1.0,0.7610619469026548,0.864321608040201,False,,,,,,
SmartBugs-Curated,2,Logistic stacker (nested cross-fitted),10.0,0.95,micro_f1,0.8167539267015707,0.3342025316455696,78,0,35,1.0,0.6902654867256637,0.8167539267015707,False,,,,,,
SmartBugs-Curated,3,Prevalence-only (nested cross-fitted),,0.05,micro_f1,0.24324324324324326,0.1549228898596609,108,664,8,0.13989637305699482,0.9310344827586207,0.24324324324324326,False,,,,,,
SmartBugs-Curated,3,Prevalence-only (nested cross-fitted),,0.1,micro_f1,0.32413793103448274,0.13027631322860536,94,370,22,0.2025862068965517,0.8103448275862069,0.32413793103448274,False,,,,,,
SmartBugs-Curated,3,Prevalence-only (nested cross-fitted),,0.15,micro_f1,0.3850574712643678,0.08862554986982674,67,165,49,0.28879310344827586,0.5775862068965517,0.3850574712643678,False,,,,,,
SmartBugs-Curated,3,Prevalence-only (nested cross-fitted),,0.2,micro_f1,0.3850574712643678,0.08862554986982674,67,165,49,0.28879310344827586,0.5775862068965517,0.3850574712643678,True,,,,,,
SmartBugs-Curated,3,Prevalence-only (nested cross-fitted),,0.25,micro_f1,0.3620689655172414,0.05316455696202531,42,74,74,0.3620689655172414,0.3620689655172414,0.3620689655172414,False,,,,,,
SmartBugs-Curated,3,Prevalence-only (nested cross-fitted),,0.3,micro_f1,0.3620689655172414,0.05316455696202531,42,74,74,0.3620689655172414,0.3620689655172414,0.3620689655172414,False,,,,,,
SmartBugs-Curated,3,Prevalence-only (nested cross-fitted),,0.35,micro_f1,0.3620689655172414,0.05316455696202531,42,74,74,0.3620689655172414,0.3620689655172414,0.3620689655172414,False,,,,,,
SmartBugs-Curated,3,Prevalence-only (nested cross-fitted),,0.4,micro_f1,0.0,0.0,0,0,116,0.0,0.0,0.0,False,,,,,,
SmartBugs-Curated,3,Prevalence-only (nested cross-fitted),,0.45,micro_f1,0.0,0.0,0,0,116,0.0,0.0,0.0,False,,,,,,
SmartBugs-Curated,3,Prevalence-only (nested cross-fitted),,0.5,micro_f1,0.0,0.0,0,0,116,0.0,0.0,0.0,False,,,,,,
SmartBugs-Curated,3,Prevalence-only (nested cross-fitted),,0.55,micro_f1,0.0,0.0,0,0,116,0.0,0.0,0.0,False,,,,,,
SmartBugs-Curated,3,Prevalence-only (nested cross-fitted),,0.6,micro_f1,0.0,0.0,0,0,116,0.0,0.0,0.0,False,,,,,,
SmartBugs-Curated,3,Prevalence-only (nested cross-fitted),,0.65,micro_f1,0.0,0.0,0,0,116,0.0,0.0,0.0,False,,,,,,
SmartBugs-Curated,3,Prevalence-only (nested cross-fitted),,0.7,micro_f1,0.0,0.0,0,0,116,0.0,0.0,0.0,False,,,,,,
SmartBugs-Curated,3,Prevalence-only (nested cross-fitted),,0.75,micro_f1,0.0,0.0,0,0,116,0.0,0.0,0.0,False,,,,,,
SmartBugs-Curated,3,Prevalence-only (nested cross-fitted),,0.8,micro_f1,0.0,0.0,0,0,116,0.0,0.0,0.0,False,,,,,,
SmartBugs-Curated,3,Prevalence-only (nested cross-fitted),,0.85,micro_f1,0.0,0.0,0,0,116,0.0,0.0,0.0,False,,,,,,
SmartBugs-Curated,3,Prevalence-only (nested cross-fitted),,0.9,micro_f1,0.0,0.0,0,0,116,0.0,0.0,0.0,False,,,,,,
SmartBugs-Curated,3,Prevalence-only (nested cross-fitted),,0.95,micro_f1,0.0,0.0,0,0,116,0.0,0.0,0.0,False,,,,,,
SmartBugs-Curated,3,Logistic stacker (nested cross-fitted),0.01,0.05,micro_f1,0.2779291553133515,0.14630958984044123,102,516,14,0.1650485436893204,0.8793103448275862,0.2779291553133515,False,,,,,,
SmartBugs-Curated,3,Logistic stacker (nested cross-fitted),0.01,0.1,micro_f1,0.34306569343065696,0.13652631322860537,94,338,22,0.2175925925925926,0.8103448275862069,0.34306569343065696,False,,,,,,
SmartBugs-Curated,3,Logistic stacker (nested cross-fitted),0.01,0.15,micro_f1,0.42134831460674155,0.15819076726113107,75,165,41,0.3125,0.646551724137931,0.42134831460674155,False,,,,,,
SmartBugs-Curated,3,Logistic stacker (nested cross-fitted),0.01,0.2,micro_f1,0.4110429447852761,0.09518136368471439,67,143,49,0.319047619047619,0.5775862068965517,0.4110429447852761,False,,,,,,
SmartBugs-Curated,3,Logistic stacker (nested cross-fitted),0.01,0.25,micro_f1,0.46774193548387094,0.1312133374498302,58,74,58,0.4393939393939394,0.5,0.46774193548387094,False,,,,,,
SmartBugs-Curated,3,Logistic stacker (nested cross-fitted),0.01,0.3,micro_f1,0.3620689655172414,0.05316455696202531,42,74,74,0.3620689655172414,0.3620689655172414,0.3620689655172414,False,,,,,,
SmartBugs-Curated,3,Logistic stacker (nested cross-fitted),0.01,0.35,micro_f1,0.509090909090909,0.09230769230769231,42,7,74,0.8571428571428571,0.3620689655172414,0.509090909090909,False,,,,,,
SmartBugs-Curated,3,Logistic stacker (nested cross-fitted),0.01,0.4,micro_f1,0.48366013071895425,0.09367088607594937,37,0,79,1.0,0.31896551724137934,0.48366013071895425,False,,,,,,
SmartBugs-Curated,3,Logistic stacker (nested cross-fitted),0.01,0.45,micro_f1,0.0,0.0,0,0,116,0.0,0.0,0.0,False,,,,,,
SmartBugs-Curated,3,Logistic stacker (nested cross-fitted),0.01,0.5,micro_f1,0.0,0.0,0,0,116,0.0,0.0,0.0,False,,,,,,
SmartBugs-Curated,3,Logistic stacker (nested cross-fitted),0.01,0.55,micro_f1,0.0,0.0,0,0,116,0.0,0.0,0.0,False,,,,,,
SmartBugs-Curated,3,Logistic stacker (nested cross-fitted),0.01,0.6,micro_f1,0.0,0.0,0,0,116,0.0,0.0,0.0,False,,,,,,
SmartBugs-Curated,3,Logistic stacker (nested cross-fitted),0.01,0.65,micro_f1,0.0,0.0,0,0,116,0.0,0.0,0.0,False,,,,,,
SmartBugs-Curated,3,Logistic stacker (nested cross-fitted),0.01,0.7,micro_f1,0.0,0.0,0,0,116,0.0,0.0,0.0,False,,,,,,
SmartBugs-Curated,3,Logistic stacker (nested cross-fitted),0.01,0.75,micro_f1,0.0,0.0,0,0,116,0.0,0.0,0.0,False,,,,,,
SmartBugs-Curated,3,Logistic stacker (nested cross-fitted),0.01,0.8,micro_f1,0.0,0.0,0,0,116,0.0,0.0,0.0,False,,,,,,
SmartBugs-Curated,3,Logistic stacker (nested cross-fitted),0.01,0.85,micro_f1,0.0,0.0,0,0,116,0.0,0.0,0.0,False,,,,,,
SmartBugs-Curated,3,Logistic stacker (nested cross-fitted),0.01,0.9,micro_f1,0.0,0.0,0,0,116,0.0,0.0,0.0,False,,,,,,
SmartBugs-Curated,3,Logistic stacker (nested cross-fitted),0.01,0.95,micro_f1,0.0,0.0,0,0,116,0.0,0.0,0.0,False,,,,,,
SmartBugs-Curated,3,Logistic stacker (nested cross-fitted),0.1,0.05,micro_f1,0.32190760059612517,0.28977514772743984,108,447,8,0.1945945945945946,0.9310344827586207,0.32190760059612517,False,,,,,,
SmartBugs-Curated,3,Logistic stacker (nested cross-fitted),0.1,0.1,micro_f1,0.5024875621890548,0.36434199029214953,101,185,15,0.3531468531468531,0.8706896551724138,0.5024875621890548,False,,,,,,
SmartBugs-Curated,3,Logistic stacker (nested cross-fitted),0.1,0.15,micro_f1,0.6006191950464397,0.354849358646827,97,110,19,0.46859903381642515,0.8362068965517241,0.6006191950464397,False,,,,,,
SmartBugs-Curated,3,Logistic stacker (nested cross-fitted),0.1,0.2,micro_f1,0.7931034482758621,0.36070480549199085,92,24,24,0.7931034482758621,0.7931034482758621,0.7931034482758621,False,,,,,,
SmartBugs-Curated,3,Logistic stacker (nested cross-fitted),0.1,0.25,micro_f1,0.8108108108108109,0.3685410628019324,90,16,26,0.8490566037735849,0.7758620689655172,0.8108108108108109,False,,,,,,
SmartBugs-Curated,3,Logistic stacker (nested cross-fitted),0.1,0.3,micro_f1,0.8102564102564103,0.28888888888888886,79,0,37,1.0,0.6810344827586207,0.8102564102564103,False,,,,,,
SmartBugs-Curated,3,Logistic stacker (nested cross-fitted),0.1,0.35,micro_f1,0.7526881720430108,0.2409004438807863,70,0,46,1.0,0.603448275862069,0.7526881720430108,False,,,,,,
SmartBugs-Curated,3,Logistic stacker (nested cross-fitted),0.1,0.4,micro_f1,0.7252747252747253,0.19879518072289154,66,0,50,1.0,0.5689655172413793,0.7252747252747253,False,,,,,,
SmartBugs-Curated,3,Logistic stacker (nested cross-fitted),0.1,0.45,micro_f1,0.7182320441988951,0.1975609756097561,65,0,51,1.0,0.5603448275862069,0.7182320441988951,False,,,,,,
SmartBugs-Curated,3,Logistic stacker (nested cross-fitted),0.1,0.5,micro_f1,0.6432748538011696,0.1743450767841012,55,0,61,1.0,0.47413793103448276,0.6432748538011696,False,,,,,,
SmartBugs-Curated,3,Logistic stacker (nested cross-fitted),0.1,0.55,micro_f1,0.4935064935064935,0.095,38,0,78,1.0,0.3275862068965517,0.4935064935064935,False,,,,,,
SmartBugs-Curated,3,Logistic stacker (nested cross-fitted),0.1,0.6,micro_f1,0.47368421052631576,0.09230769230769231,36,0,80,1.0,0.3103448275862069,0.47368421052631576,False,,,,,,
SmartBugs-Curated,3,Logistic stacker (nested cross-fitted),0.1,0.65,micro_f1,0.47368421052631576,0.09230769230769231,36,0,80,1.0,0.3103448275862069,0.47368421052631576,False,,,,,,
SmartBugs-Curated,3,Logistic stacker (nested cross-fitted),0.1,0.7,micro_f1,0.0,0.0,0,0,116,0.0,0.0,0.0,False,,,,,,
SmartBugs-Curated,3,Logistic stacker (nested cross-fitted),0.1,0.75,micro_f1,0.0,0.0,0,0,116,0.0,0.0,0.0,False,,,,,,
SmartBugs-Curated,3,Logistic stacker (nested cross-fitted),0.1,0.8,micro_f1,0.0,0.0,0,0,116,0.0,0.0,0.0,False,,,,,,
SmartBugs-Curated,3,Logistic stacker (nested cross-fitted),0.1,0.85,micro_f1,0.0,0.0,0,0,116,0.0,0.0,0.0,False,,,,,,
SmartBugs-Curated,3,Logistic stacker (nested cross-fitted),0.1,0.9,micro_f1,0.0,0.0,0,0,116,0.0,0.0,0.0,False,,,,,,
SmartBugs-Curated,3,Logistic stacker (nested cross-fitted),0.1,0.95,micro_f1,0.0,0.0,0,0,116,0.0,0.0,0.0,False,,,,,,
SmartBugs-Curated,3,Logistic stacker (nested cross-fitted),1.0,0.05,micro_f1,0.7213114754098361,0.5358984929201648,110,79,6,0.582010582010582,0.9482758620689655,0.7213114754098361,False,,,,,,
SmartBugs-Curated,3,Logistic stacker (nested cross-fitted),1.0,0.1,micro_f1,0.8384615384615385,0.6288707288744708,109,35,7,0.7569444444444444,0.9396551724137931,0.8384615384615385,False,,,,,,
SmartBugs-Curated,3,Logistic stacker (nested cross-fitted),1.0,0.15,micro_f1,0.9437229437229437,0.6770868347338935,109,6,7,0.9478260869565217,0.9396551724137931,0.9437229437229437,False,,,,,,
SmartBugs-Curated,3,Logistic stacker (nested cross-fitted),1.0,0.2,micro_f1,0.9478260869565217,0.679047619047619,109,5,7,0.956140350877193,0.9396551724137931,0.9478260869565217,False,,,,,,
SmartBugs-Curated,3,Logistic stacker (nested cross-fitted),1.0,0.25,micro_f1,0.9478260869565217,0.679047619047619,109,5,7,0.956140350877193,0.9396551724137931,0.9478260869565217,False,,,,,,
SmartBugs-Curated,3,Logistic stacker (nested cross-fitted),1.0,0.3,micro_f1,0.96,0.6921285140562249,108,1,8,0.9908256880733946,0.9310344827586207,0.96,True,,,,,,
SmartBugs-Curated,3,Logistic stacker (nested cross-fitted),1.0,0.35,micro_f1,0.9553571428571429,0.6884503531366847,107,1,9,0.9907407407407407,0.9224137931034483,0.9553571428571429,False,,,,,,
SmartBugs-Curated,3,Logistic stacker (nested cross-fitted),1.0,0.4,micro_f1,0.9459459459459459,0.6551170198033514,105,1,11,0.9905660377358491,0.9051724137931034,0.9459459459459459,False,,,,,,
SmartBugs-Curated,3,Logistic stacker (nested cross-fitted),1.0,0.45,micro_f1,0.9315068493150684,0.6455941019037519,102,1,14,0.9902912621359223,0.8793103448275862,0.9315068493150684,False,,,,,,
SmartBugs-Curated,3,Logistic stacker (nested cross-fitted),1.0,0.5,micro_f1,0.9357798165137615,0.648768705078355,102,0,14,1.0,0.8793103448275862,0.9357798165137615,False,,,,,,
SmartBugs-Curated,3,Logistic stacker (nested cross-fitted),1.0,0.55,micro_f1,0.9056603773584906,0.5154353717450217,96,0,20,1.0,0.8275862068965517,0.9056603773584906,False,,,,,,
SmartBugs-Curated,3,Logistic stacker (nested cross-fitted),1.0,0.6,micro_f1,0.9004739336492891,0.48210203841168847,95,0,21,1.0,0.8189655172413793,0.9004739336492891,False,,,,,,
SmartBugs-Curated,3,Logistic stacker (nested cross-fitted),1.0,0.65,micro_f1,0.8792270531400966,0.45356463182550144,91,0,25,1.0,0.7844827586206896,0.8792270531400966,False,,,,,,
SmartBugs-Curated,3,Logistic stacker (nested cross-fitted),1.0,0.7,micro_f1,0.8571428571428571,0.3808373590982287,87,0,29,1.0,0.75,0.8571428571428571,False,,,,,,
SmartBugs-Curated,3,Logistic stacker (nested cross-fitted),1.0,0.75,micro_f1,0.8163265306122449,0.33518518518518514,80,0,36,1.0,0.6896551724137931,0.8163265306122449,False,,,,,,
SmartBugs-Curated,3,Logistic stacker (nested cross-fitted),1.0,0.8,micro_f1,0.7391304347826086,0.238401559454191,68,0,48,1.0,0.5862068965517241,0.7391304347826086,False,,,,,,
SmartBugs-Curated,3,Logistic stacker (nested cross-fitted),1.0,0.85,micro_f1,0.6352941176470588,0.17304878048780487,54,0,62,1.0,0.46551724137931033,0.6352941176470588,False,,,,,,
SmartBugs-Curated,3,Logistic stacker (nested cross-fitted),1.0,0.9,micro_f1,0.47368421052631576,0.09230769230769231,36,0,80,1.0,0.3103448275862069,0.47368421052631576,False,,,,,,
SmartBugs-Curated,3,Logistic stacker (nested cross-fitted),1.0,0.95,micro_f1,0.0,0.0,0,0,116,0.0,0.0,0.0,False,,,,,,
SmartBugs-Curated,3,Logistic stacker (nested cross-fitted),10.0,0.05,micro_f1,0.6622516556291391,0.4948340874811463,100,86,16,0.5376344086021505,0.8620689655172413,0.6622516556291391,False,,,,,,
SmartBugs-Curated,3,Logistic stacker (nested cross-fitted),10.0,0.1,micro_f1,0.8928571428571429,0.5847903677600073,100,8,16,0.9259259259259259,0.8620689655172413,0.8928571428571429,False,,,,,,
SmartBugs-Curated,3,Logistic stacker (nested cross-fitted),10.0,0.15,micro_f1,0.9174311926605505,0.604047619047619,100,2,16,0.9803921568627451,0.8620689655172413,0.9174311926605505,False,,,,,,
SmartBugs-Curated,3,Logistic stacker (nested cross-fitted),10.0,0.2,micro_f1,0.9124423963133641,0.6003694581280788,99,2,17,0.9801980198019802,0.853448275862069,0.9124423963133641,False,,,,,,
SmartBugs-Curated,3,Logistic stacker (nested cross-fitted),10.0,0.25,micro_f1,0.9074074074074074,0.5991646388509704,98,2,18,0.98,0.8448275862068966,0.9074074074074074,False,,,,,,
SmartBugs-Curated,3,Logistic stacker (nested cross-fitted),10.0,0.3,micro_f1,0.9074074074074074,0.5991646388509704,98,2,18,0.98,0.8448275862068966,0.9074074074074074,False,,,,,,
SmartBugs-Curated,3,Logistic stacker (nested cross-fitted),10.0,0.35,micro_f1,0.9023255813953488,0.5979304337378349,97,2,19,0.9797979797979798,0.8362068965517241,0.9023255813953488,False,,,,,,
SmartBugs-Curated,3,Logistic stacker (nested cross-fitted),10.0,0.4,micro_f1,0.9023255813953488,0.5979304337378349,97,2,19,0.9797979797979798,0.8362068965517241,0.9023255813953488,False,,,,,,
SmartBugs-Curated,3,Logistic stacker (nested cross-fitted),10.0,0.45,micro_f1,0.9023255813953488,0.5979304337378349,97,2,19,0.9797979797979798,0.8362068965517241,0.9023255813953488,False,,,,,,
SmartBugs-Curated,3,Logistic stacker (nested cross-fitted),10.0,0.5,micro_f1,0.9023255813953488,0.5979304337378349,97,2,19,0.9797979797979798,0.8362068965517241,0.9023255813953488,False,,,,,,
SmartBugs-Curated,3,Logistic stacker (nested cross-fitted),10.0,0.55,micro_f1,0.9023255813953488,0.5979304337378349,97,2,19,0.9797979797979798,0.8362068965517241,0.9023255813953488,False,,,,,,
SmartBugs-Curated,3,Logistic stacker (nested cross-fitted),10.0,0.6,micro_f1,0.9023255813953488,0.5979304337378349,97,2,19,0.9797979797979798,0.8362068965517241,0.9023255813953488,False,,,,,,
SmartBugs-Curated,3,Logistic stacker (nested cross-fitted),10.0,0.65,micro_f1,0.8962264150943396,0.5439895470383276,95,1,21,0.9895833333333334,0.8189655172413793,0.8962264150943396,False,,,,,,
SmartBugs-Curated,3,Logistic stacker (nested cross-fitted),10.0,0.7,micro_f1,0.8962264150943396,0.5439895470383276,95,1,21,0.9895833333333334,0.8189655172413793,0.8962264150943396,False,,,,,,
SmartBugs-Curated,3,Logistic stacker (nested cross-fitted),10.0,0.75,micro_f1,0.8952380952380953,0.5428163241259741,94,0,22,1.0,0.8103448275862069,0.8952380952380953,False,,,,,,
SmartBugs-Curated,3,Logistic stacker (nested cross-fitted),10.0,0.8,micro_f1,0.8952380952380953,0.5428163241259741,94,0,22,1.0,0.8103448275862069,0.8952380952380953,False,,,,,,
SmartBugs-Curated,3,Logistic stacker (nested cross-fitted),10.0,0.85,micro_f1,0.8792270531400966,0.4958373590982287,91,0,25,1.0,0.7844827586206896,0.8792270531400966,False,,,,,,
SmartBugs-Curated,3,Logistic stacker (nested cross-fitted),10.0,0.9,micro_f1,0.8627450980392157,0.41417069243156196,88,0,28,1.0,0.7586206896551724,0.8627450980392157,False,,,,,,
SmartBugs-Curated,3,Logistic stacker (nested cross-fitted),10.0,0.95,micro_f1,0.7916666666666666,0.28518518518518515,76,0,40,1.0,0.6551724137931034,0.7916666666666666,False,,,,,,
SmartBugs-Curated,4,Prevalence-only (nested cross-fitted),,0.05,micro_f1,0.25149700598802394,0.17083816549107644,105,616,9,0.14563106796116504,0.9210526315789473,0.25149700598802394,False,,,,,,
SmartBugs-Curated,4,Prevalence-only (nested cross-fitted),,0.1,micro_f1,0.3298245614035088,0.1468008998542711,94,362,20,0.20614035087719298,0.8245614035087719,0.3298245614035088,False,,,,,,
SmartBugs-Curated,4,Prevalence-only (nested cross-fitted),,0.15,micro_f1,0.391812865497076,0.09979708540859619,67,161,47,0.29385964912280704,0.5877192982456141,0.391812865497076,False,,,,,,
SmartBugs-Curated,4,Prevalence-only (nested cross-fitted),,0.2,micro_f1,0.391812865497076,0.09979708540859619,67,161,47,0.29385964912280704,0.5877192982456141,0.391812865497076,True,,,,,,
SmartBugs-Curated,4,Prevalence-only (nested cross-fitted),,0.25,micro_f1,0.3684210526315789,0.059829059829059825,42,72,72,0.3684210526315789,0.3684210526315789,0.3684210526315789,False,,,,,,
SmartBugs-Curated,4,Prevalence-only (nested cross-fitted),,0.3,micro_f1,0.3684210526315789,0.059829059829059825,42,72,72,0.3684210526315789,0.3684210526315789,0.3684210526315789,False,,,,,,
SmartBugs-Curated,4,Prevalence-only (nested cross-fitted),,0.35,micro_f1,0.3684210526315789,0.059829059829059825,42,72,72,0.3684210526315789,0.3684210526315789,0.3684210526315789,False,,,,,,
SmartBugs-Curated,4,Prevalence-only (nested cross-fitted),,0.4,micro_f1,0.0,0.0,0,0,114,0.0,0.0,0.0,False,,,,,,
SmartBugs-Curated,4,Prevalence-only (nested cross-fitted),,0.45,micro_f1,0.0,0.0,0,0,114,0.0,0.0,0.0,False,,,,,,
SmartBugs-Curated,4,Prevalence-only (nested cross-fitted),,0.5,micro_f1,0.0,0.0,0,0,114,0.0,0.0,0.0,False,,,,,,
SmartBugs-Curated,4,Prevalence-only (nested cross-fitted),,0.55,micro_f1,0.0,0.0,0,0,114,0.0,0.0,0.0,False,,,,,,
SmartBugs-Curated,4,Prevalence-only (nested cross-fitted),,0.6,micro_f1,0.0,0.0,0,0,114,0.0,0.0,0.0,False,,,,,,
SmartBugs-Curated,4,Prevalence-only (nested cross-fitted),,0.65,micro_f1,0.0,0.0,0,0,114,0.0,0.0,0.0,False,,,,,,
SmartBugs-Curated,4,Prevalence-only (nested cross-fitted),,0.7,micro_f1,0.0,0.0,0,0,114,0.0,0.0,0.0,False,,,,,,
SmartBugs-Curated,4,Prevalence-only (nested cross-fitted),,0.75,micro_f1,0.0,0.0,0,0,114,0.0,0.0,0.0,False,,,,,,
SmartBugs-Curated,4,Prevalence-only (nested cross-fitted),,0.8,micro_f1,0.0,0.0,0,0,114,0.0,0.0,0.0,False,,,,,,
SmartBugs-Curated,4,Prevalence-only (nested cross-fitted),,0.85,micro_f1,0.0,0.0,0,0,114,0.0,0.0,0.0,False,,,,,,
SmartBugs-Curated,4,Prevalence-only (nested cross-fitted),,0.9,micro_f1,0.0,0.0,0,0,114,0.0,0.0,0.0,False,,,,,,
SmartBugs-Curated,4,Prevalence-only (nested cross-fitted),,0.95,micro_f1,0.0,0.0,0,0,114,0.0,0.0,0.0,False,,,,,,
SmartBugs-Curated,4,Logistic stacker (nested cross-fitted),0.01,0.05,micro_f1,0.2953216374269006,0.1596567308919203,101,469,13,0.17719298245614035,0.8859649122807017,0.2953216374269006,False,,,,,,
SmartBugs-Curated,4,Logistic stacker (nested cross-fitted),0.01,0.1,micro_f1,0.3298245614035088,0.1468008998542711,94,362,20,0.20614035087719298,0.8245614035087719,0.3298245614035088,False,,,,,,
SmartBugs-Curated,4,Logistic stacker (nested cross-fitted),0.01,0.15,micro_f1,0.4550561797752809,0.20707677889518625,81,161,33,0.3347107438016529,0.7105263157894737,0.4550561797752809,False,,,,,,
SmartBugs-Curated,4,Logistic stacker (nested cross-fitted),0.01,0.2,micro_f1,0.4174454828660436,0.10691003911342895,67,140,47,0.32367149758454106,0.5877192982456141,0.4174454828660436,False,,,,,,
SmartBugs-Curated,4,Logistic stacker (nested cross-fitted),0.01,0.25,micro_f1,0.5296442687747036,0.17094017094017092,67,72,47,0.48201438848920863,0.5877192982456141,0.5296442687747036,False,,,,,,
SmartBugs-Curated,4,Logistic stacker (nested cross-fitted),0.01,0.3,micro_f1,0.3684210526315789,0.059829059829059825,42,72,72,0.3684210526315789,0.3684210526315789,0.3684210526315789,False,,,,,,
SmartBugs-Curated,4,Logistic stacker (nested cross-fitted),0.01,0.35,micro_f1,0.4970414201183432,0.09621993127147767,42,13,72,0.7636363636363637,0.3684210526315789,0.4970414201183432,False,,,,,,
SmartBugs-Curated,4,Logistic stacker (nested cross-fitted),0.01,0.4,micro_f1,0.4900662251655629,0.10407876230661041,37,0,77,1.0,0.32456140350877194,0.4900662251655629,False,,,,,,
SmartBugs-Curated,4,Logistic stacker (nested cross-fitted),0.01,0.45,micro_f1,0.0,0.0,0,0,114,0.0,0.0,0.0,False,,,,,,
SmartBugs-Curated,4,Logistic stacker (nested cross-fitted),0.01,0.5,micro_f1,0.0,0.0,0,0,114,0.0,0.0,0.0,False,,,,,,
SmartBugs-Curated,4,Logistic stacker (nested cross-fitted),0.01,0.55,micro_f1,0.0,0.0,0,0,114,0.0,0.0,0.0,False,,,,,,
SmartBugs-Curated,4,Logistic stacker (nested cross-fitted),0.01,0.6,micro_f1,0.0,0.0,0,0,114,0.0,0.0,0.0,False,,,,,,
SmartBugs-Curated,4,Logistic stacker (nested cross-fitted),0.01,0.65,micro_f1,0.0,0.0,0,0,114,0.0,0.0,0.0,False,,,,,,
SmartBugs-Curated,4,Logistic stacker (nested cross-fitted),0.01,0.7,micro_f1,0.0,0.0,0,0,114,0.0,0.0,0.0,False,,,,,,
SmartBugs-Curated,4,Logistic stacker (nested cross-fitted),0.01,0.75,micro_f1,0.0,0.0,0,0,114,0.0,0.0,0.0,False,,,,,,
SmartBugs-Curated,4,Logistic stacker (nested cross-fitted),0.01,0.8,micro_f1,0.0,0.0,0,0,114,0.0,0.0,0.0,False,,,,,,
SmartBugs-Curated,4,Logistic stacker (nested cross-fitted),0.01,0.85,micro_f1,0.0,0.0,0,0,114,0.0,0.0,0.0,False,,,,,,
SmartBugs-Curated,4,Logistic stacker (nested cross-fitted),0.01,0.9,micro_f1,0.0,0.0,0,0,114,0.0,0.0,0.0,False,,,,,,
SmartBugs-Curated,4,Logistic stacker (nested cross-fitted),0.01,0.95,micro_f1,0.0,0.0,0,0,114,0.0,0.0,0.0,False,,,,,,
SmartBugs-Curated,4,Logistic stacker (nested cross-fitted),0.1,0.05,micro_f1,0.319634703196347,0.3122329986197032,105,438,9,0.19337016574585636,0.9210526315789473,0.319634703196347,False,,,,,,
SmartBugs-Curated,4,Logistic stacker (nested cross-fitted),0.1,0.1,micro_f1,0.5088161209068011,0.370640382076857,101,182,13,0.3568904593639576,0.8859649122807017,0.5088161209068011,False,,,,,,
SmartBugs-Curated,4,Logistic stacker (nested cross-fitted),0.1,0.15,micro_f1,0.632258064516129,0.42408994828349666,98,98,16,0.5,0.8596491228070176,0.632258064516129,False,,,,,,
SmartBugs-Curated,4,Logistic stacker (nested cross-fitted),0.1,0.2,micro_f1,0.8068669527896996,0.40934761001174663,94,25,20,0.7899159663865546,0.8245614035087719,0.8068669527896996,False,,,,,,
SmartBugs-Curated,4,Logistic stacker (nested cross-fitted),0.1,0.25,micro_f1,0.8193832599118943,0.4167316794091642,93,20,21,0.8230088495575221,0.8157894736842105,0.8193832599118943,False,,,,,,
SmartBugs-Curated,4,Logistic stacker (nested cross-fitted),0.1,0.3,micro_f1,0.8223350253807107,0.325228411435308,81,2,33,0.9759036144578314,0.7105263157894737,0.8223350253807107,False,,,,,,
SmartBugs-Curated,4,Logistic stacker (nested cross-fitted),0.1,0.35,micro_f1,0.8247422680412371,0.3281632276231362,80,0,34,1.0,0.7017543859649122,0.8247422680412371,False,,,,,,
SmartBugs-Curated,4,Logistic stacker (nested cross-fitted),0.1,0.4,micro_f1,0.7333333333333333,0.22088353413654616,66,0,48,1.0,0.5789473684210527,0.7333333333333333,False,,,,,,
SmartBugs-Curated,4,Logistic stacker (nested cross-fitted),0.1,0.45,micro_f1,0.7333333333333333,0.22088353413654616,66,0,48,1.0,0.5789473684210527,0.7333333333333333,False,,,,,,
SmartBugs-Curated,4,Logistic stacker (nested cross-fitted),0.1,0.5,micro_f1,0.7191011235955056,0.21810699588477364,64,0,50,1.0,0.5614035087719298,0.7191011235955056,False,,,,,,
SmartBugs-Curated,4,Logistic stacker (nested cross-fitted),0.1,0.55,micro_f1,0.5098039215686274,0.10699588477366255,39,0,75,1.0,0.34210526315789475,0.5098039215686274,False,,,,,,
SmartBugs-Curated,4,Logistic stacker (nested cross-fitted),0.1,0.6,micro_f1,0.4697986577181208,0.10101010101010101,35,0,79,1.0,0.30701754385964913,0.4697986577181208,False,,,,,,
SmartBugs-Curated,4,Logistic stacker (nested cross-fitted),0.1,0.65,micro_f1,0.4697986577181208,0.10101010101010101,35,0,79,1.0,0.30701754385964913,0.4697986577181208,False,,,,,,
SmartBugs-Curated,4,Logistic stacker (nested cross-fitted),0.1,0.7,micro_f1,0.0,0.0,0,0,114,0.0,0.0,0.0,False,,,,,,
SmartBugs-Curated,4,Logistic stacker (nested cross-fitted),0.1,0.75,micro_f1,0.0,0.0,0,0,114,0.0,0.0,0.0,False,,,,,,
SmartBugs-Curated,4,Logistic stacker (nested cross-fitted),0.1,0.8,micro_f1,0.0,0.0,0,0,114,0.0,0.0,0.0,False,,,,,,
SmartBugs-Curated,4,Logistic stacker (nested cross-fitted),0.1,0.85,micro_f1,0.0,0.0,0,0,114,0.0,0.0,0.0,False,,,,,,
SmartBugs-Curated,4,Logistic stacker (nested cross-fitted),0.1,0.9,micro_f1,0.0,0.0,0,0,114,0.0,0.0,0.0,False,,,,,,
SmartBugs-Curated,4,Logistic stacker (nested cross-fitted),0.1,0.95,micro_f1,0.0,0.0,0,0,114,0.0,0.0,0.0,False,,,,,,
SmartBugs-Curated,4,Logistic stacker (nested cross-fitted),1.0,0.05,micro_f1,0.6791277258566978,0.5254953972466176,109,98,5,0.5265700483091788,0.956140350877193,0.6791277258566978,False,,,,,,
SmartBugs-Curated,4,Logistic stacker (nested cross-fitted),1.0,0.1,micro_f1,0.8861788617886179,0.7350519276303558,109,23,5,0.8257575757575758,0.956140350877193,0.8861788617886179,False,,,,,,
SmartBugs-Curated,4,Logistic stacker (nested cross-fitted),1.0,0.15,micro_f1,0.9519650655021834,0.7575743651012468,109,6,5,0.9478260869565217,0.956140350877193,0.9519650655021834,False,,,,,,
SmartBugs-Curated,4,Logistic stacker (nested cross-fitted),1.0,0.2,micro_f1,0.9519650655021834,0.7575743651012468,109,6,5,0.9478260869565217,0.956140350877193,0.9519650655021834,False,,,,,,
SmartBugs-Curated,4,Logistic stacker (nested cross-fitted),1.0,0.25,micro_f1,0.9519650655021834,0.7575743651012468,109,6,5,0.9478260869565217,0.956140350877193,0.9519650655021834,False,,,,,,
SmartBugs-Curated,4,Logistic stacker (nested cross-fitted),1.0,0.3,micro_f1,0.956140350877193,0.761373035566584,109,5,5,0.956140350877193,0.956140350877193,0.956140350877193,False,,,,,,
SmartBugs-Curated,4,Logistic stacker (nested cross-fitted),1.0,0.35,micro_f1,0.968609865470852,0.7728548603014207,108,1,6,0.9908256880733946,0.9473684210526315,0.968609865470852,True,,,,,,
SmartBugs-Curated,4,Logistic stacker (nested cross-fitted),1.0,0.4,micro_f1,0.9493087557603687,0.6985335979935066,103,0,11,1.0,0.9035087719298246,0.9493087557603687,False,,,,,,
SmartBugs-Curated,4,Logistic stacker (nested cross-fitted),1.0,0.45,micro_f1,0.9444444444444444,0.6971622589789116,102,0,12,1.0,0.8947368421052632,0.9444444444444444,False,,,,,,
SmartBugs-Curated,4,Logistic stacker (nested cross-fitted),1.0,0.5,micro_f1,0.9444444444444444,0.6971622589789116,102,0,12,1.0,0.8947368421052632,0.9444444444444444,False,,,,,,
SmartBugs-Curated,4,Logistic stacker (nested cross-fitted),1.0,0.55,micro_f1,0.9245283018867925,0.5490141108307635,98,0,16,1.0,0.8596491228070176,0.9245283018867925,False,,,,,,
SmartBugs-Curated,4,Logistic stacker (nested cross-fitted),1.0,0.6,micro_f1,0.919431279620853,0.5476089115935859,97,0,17,1.0,0.8508771929824561,0.919431279620853,False,,,,,,
SmartBugs-Curated,4,Logistic stacker (nested cross-fitted),1.0,0.65,micro_f1,0.9038461538461539,0.5173058812905557,94,0,20,1.0,0.8245614035087719,0.9038461538461539,False,,,,,,
SmartBugs-Curated,4,Logistic stacker (nested cross-fitted),1.0,0.7,micro_f1,0.8823529411764706,0.43649780048247483,90,0,24,1.0,0.7894736842105263,0.8823529411764706,False,,,,,,
SmartBugs-Curated,4,Logistic stacker (nested cross-fitted),1.0,0.75,micro_f1,0.8367346938775511,0.38094224492691925,82,0,32,1.0,0.7192982456140351,0.8367346938775511,False,,,,,,
SmartBugs-Curated,4,Logistic stacker (nested cross-fitted),1.0,0.8,micro_f1,0.8125,0.3253866893713637,78,0,36,1.0,0.6842105263157895,0.8125,False,,,,,,
SmartBugs-Curated,4,Logistic stacker (nested cross-fitted),1.0,0.85,micro_f1,0.6347305389221557,0.19079962951528248,53,0,61,1.0,0.4649122807017544,0.6347305389221557,False,,,,,,
SmartBugs-Curated,4,Logistic stacker (nested cross-fitted),1.0,0.9,micro_f1,0.4697986577181208,0.10101010101010101,35,0,79,1.0,0.30701754385964913,0.4697986577181208,False,,,,,,
SmartBugs-Curated,4,Logistic stacker (nested cross-fitted),1.0,0.95,micro_f1,0.0,0.0,0,0,114,0.0,0.0,0.0,False,,,,,,
SmartBugs-Curated,4,Logistic stacker (nested cross-fitted),10.0,0.05,micro_f1,0.7751937984496124,0.615775423302305,100,44,14,0.6944444444444444,0.8771929824561403,0.7751937984496124,False,,,,,,
SmartBugs-Curated,4,Logistic stacker (nested cross-fitted),10.0,0.1,micro_f1,0.8810572687224669,0.615775423302305,100,13,14,0.8849557522123894,0.8771929824561403,0.8810572687224669,False,,,,,,
SmartBugs-Curated,4,Logistic stacker (nested cross-fitted),10.0,0.15,micro_f1,0.8918918918918919,0.59735187154542,99,9,15,0.9166666666666666,0.868421052631579,0.8918918918918919,False,,,,,,
SmartBugs-Curated,4,Logistic stacker (nested cross-fitted),10.0,0.2,micro_f1,0.9252336448598131,0.6101723843659328,99,1,15,0.99,0.868421052631579,0.9252336448598131,False,,,,,,
SmartBugs-Curated,4,Logistic stacker (nested cross-fitted),10.0,0.25,micro_f1,0.92018779342723,0.6088336962802567,98,1,16,0.98989898989899,0.8596491228070176,0.92018779342723,False,,,,,,
SmartBugs-Curated,4,Logistic stacker (nested cross-fitted),10.0,0.3,micro_f1,0.92018779342723,0.6088336962802567,98,1,16,0.98989898989899,0.8596491228070176,0.92018779342723,False,,,,,,
SmartBugs-Curated,4,Logistic stacker (nested cross-fitted),10.0,0.35,micro_f1,0.9150943396226415,0.6074623572656618,97,1,17,0.9897959183673469,0.8508771929824561,0.9150943396226415,False,,,,,,
SmartBugs-Curated,4,Logistic stacker (nested cross-fitted),10.0,0.4,micro_f1,0.9150943396226415,0.6074623572656618,97,1,17,0.9897959183673469,0.8508771929824561,0.9150943396226415,False,,,,,,
SmartBugs-Curated,4,Logistic stacker (nested cross-fitted),10.0,0.45,micro_f1,0.9142857142857143,0.6072151690318217,96,0,18,1.0,0.8421052631578947,0.9142857142857143,False,,,,,,
SmartBugs-Curated,4,Logistic stacker (nested cross-fitted),10.0,0.5,micro_f1,0.9142857142857143,0.6072151690318217,96,0,18,1.0,0.8421052631578947,0.9142857142857143,False,,,,,,
SmartBugs-Curated,4,Logistic stacker (nested cross-fitted),10.0,0.55,micro_f1,0.9142857142857143,0.6072151690318217,96,0,18,1.0,0.8421052631578947,0.9142857142857143,False,,,,,,
SmartBugs-Curated,4,Logistic stacker (nested cross-fitted),10.0,0.6,micro_f1,0.9142857142857143,0.6072151690318217,96,0,18,1.0,0.8421052631578947,0.9142857142857143,False,,,,,,
SmartBugs-Curated,4,Logistic stacker (nested cross-fitted),10.0,0.65,micro_f1,0.9142857142857143,0.6072151690318217,96,0,18,1.0,0.8421052631578947,0.9142857142857143,False,,,,,,
SmartBugs-Curated,4,Logistic stacker (nested cross-fitted),10.0,0.7,micro_f1,0.9142857142857143,0.6072151690318217,96,0,18,1.0,0.8421052631578947,0.9142857142857143,False,,,,,,
SmartBugs-Curated,4,Logistic stacker (nested cross-fitted),10.0,0.75,micro_f1,0.9142857142857143,0.6072151690318217,96,0,18,1.0,0.8421052631578947,0.9142857142857143,False,,,,,,
SmartBugs-Curated,4,Logistic stacker (nested cross-fitted),10.0,0.8,micro_f1,0.9142857142857143,0.6072151690318217,96,0,18,1.0,0.8421052631578947,0.9142857142857143,False,,,,,,
SmartBugs-Curated,4,Logistic stacker (nested cross-fitted),10.0,0.85,micro_f1,0.9090909090909091,0.6058099697946441,95,0,19,1.0,0.8333333333333334,0.9090909090909091,False,,,,,,
SmartBugs-Curated,4,Logistic stacker (nested cross-fitted),10.0,0.9,micro_f1,0.8823529411764706,0.43649780048247483,90,0,24,1.0,0.7894736842105263,0.8823529411764706,False,,,,,,
SmartBugs-Curated,4,Logistic stacker (nested cross-fitted),10.0,0.95,micro_f1,0.8125,0.3253866893713637,78,0,36,1.0,0.6842105263157895,0.8125,False,,,,,,
ScrawlD,0,Prevalence-only (nested cross-fitted),,0.05,micro_f1,0.49020094269412057,0.2595298664145143,5928,12196,134,0.3270801147649525,0.97789508413065,0.49020094269412057,False,,,,,,
ScrawlD,0,Prevalence-only (nested cross-fitted),,0.1,micro_f1,0.49020094269412057,0.2595298664145143,5928,12196,134,0.3270801147649525,0.97789508413065,0.49020094269412057,False,,,,,,
ScrawlD,0,Prevalence-only (nested cross-fitted),,0.15,micro_f1,0.5500890358687357,0.2300141614584769,5406,8187,656,0.3977047009490179,0.8917848894754207,0.5500890358687357,False,,,,,,
ScrawlD,0,Prevalence-only (nested cross-fitted),,0.2,micro_f1,0.5978577096006348,0.18332709667687738,4521,4541,1541,0.49889649084087395,0.7457934675024744,0.5978577096006348,False,,,,,,
ScrawlD,0,Prevalence-only (nested cross-fitted),,0.25,micro_f1,0.5978577096006348,0.18332709667687738,4521,4541,1541,0.49889649084087395,0.7457934675024744,0.5978577096006348,True,,,,,,
ScrawlD,0,Prevalence-only (nested cross-fitted),,0.3,micro_f1,0.5973725522597703,0.16242382234831093,3615,2426,2447,0.5984108591292833,0.5963378422962718,0.5973725522597703,False,,,,,,
ScrawlD,0,Prevalence-only (nested cross-fitted),,0.35,micro_f1,0.5973756254130086,0.1174788823911631,3164,1367,2898,0.698300595894946,0.5219399538106235,0.5973756254130086,False,,,,,,
ScrawlD,0,Prevalence-only (nested cross-fitted),,0.4,micro_f1,0.5973756254130086,0.1174788823911631,3164,1367,2898,0.698300595894946,0.5219399538106235,0.5973756254130086,False,,,,,,
ScrawlD,0,Prevalence-only (nested cross-fitted),,0.45,micro_f1,0.5973756254130086,0.1174788823911631,3164,1367,2898,0.698300595894946,0.5219399538106235,0.5973756254130086,False,,,,,,
ScrawlD,0,Prevalence-only (nested cross-fitted),,0.5,micro_f1,0.5973756254130086,0.1174788823911631,3164,1367,2898,0.698300595894946,0.5219399538106235,0.5973756254130086,False,,,,,,
ScrawlD,0,Prevalence-only (nested cross-fitted),,0.55,micro_f1,0.5973756254130086,0.1174788823911631,3164,1367,2898,0.698300595894946,0.5219399538106235,0.5973756254130086,False,,,,,,
ScrawlD,0,Prevalence-only (nested cross-fitted),,0.6,micro_f1,0.5973756254130086,0.1174788823911631,3164,1367,2898,0.698300595894946,0.5219399538106235,0.5973756254130086,False,,,,,,
ScrawlD,0,Prevalence-only (nested cross-fitted),,0.65,micro_f1,0.5973756254130086,0.1174788823911631,3164,1367,2898,0.698300595894946,0.5219399538106235,0.5973756254130086,False,,,,,,
ScrawlD,0,Prevalence-only (nested cross-fitted),,0.7,micro_f1,0.0,0.0,0,0,6062,0.0,0.0,0.0,False,,,,,,
ScrawlD,0,Prevalence-only (nested cross-fitted),,0.75,micro_f1,0.0,0.0,0,0,6062,0.0,0.0,0.0,False,,,,,,
ScrawlD,0,Prevalence-only (nested cross-fitted),,0.8,micro_f1,0.0,0.0,0,0,6062,0.0,0.0,0.0,False,,,,,,
ScrawlD,0,Prevalence-only (nested cross-fitted),,0.85,micro_f1,0.0,0.0,0,0,6062,0.0,0.0,0.0,False,,,,,,
ScrawlD,0,Prevalence-only (nested cross-fitted),,0.9,micro_f1,0.0,0.0,0,0,6062,0.0,0.0,0.0,False,,,,,,
ScrawlD,0,Prevalence-only (nested cross-fitted),,0.95,micro_f1,0.0,0.0,0,0,6062,0.0,0.0,0.0,False,,,,,,
ScrawlD,0,Logistic stacker (nested cross-fitted),0.01,0.05,micro_f1,0.49020094269412057,0.2595298664145143,5928,12196,134,0.3270801147649525,0.97789508413065,0.49020094269412057,False,,,,,,
ScrawlD,0,Logistic stacker (nested cross-fitted),0.01,0.1,micro_f1,0.5010064670863849,0.2600358475522692,5849,11438,213,0.3383467345404061,0.964863081491257,0.5010064670863849,False,,,,,,
ScrawlD,0,Logistic stacker (nested cross-fitted),0.01,0.15,micro_f1,0.5477475659587348,0.2395379709822864,5429,8332,633,0.39452074703873263,0.89557901682613,0.5477475659587348,False,,,,,,
ScrawlD,0,Logistic stacker (nested cross-fitted),0.01,0.2,micro_f1,0.5941709844559585,0.19902829805667993,4587,4791,1475,0.4891234804862444,0.7566809633784229,0.5941709844559585,False,,,,,,
ScrawlD,0,Logistic stacker (nested cross-fitted),0.01,0.25,micro_f1,0.5978577096006348,0.18332709667687738,4521,4541,1541,0.49889649084087395,0.7457934675024744,0.5978577096006348,False,,,,,,
ScrawlD,0,Logistic stacker (nested cross-fitted),0.01,0.3,micro_f1,0.6013154338228669,0.14401059008229106,3337,1700,2725,0.6624975183641056,0.5504783899703068,0.6013154338228669,False,,,,,,
ScrawlD,0,Logistic stacker (nested cross-fitted),0.01,0.35,micro_f1,0.5973756254130086,0.1174788823911631,3164,1367,2898,0.698300595894946,0.5219399538106235,0.5973756254130086,False,,,,,,
ScrawlD,0,Logistic stacker (nested cross-fitted),0.01,0.4,micro_f1,0.5973756254130086,0.1174788823911631,3164,1367,2898,0.698300595894946,0.5219399538106235,0.5973756254130086,False,,,,,,
ScrawlD,0,Logistic stacker (nested cross-fitted),0.01,0.45,micro_f1,0.5973756254130086,0.1174788823911631,3164,1367,2898,0.698300595894946,0.5219399538106235,0.5973756254130086,False,,,,,,
ScrawlD,0,Logistic stacker (nested cross-fitted),0.01,0.5,micro_f1,0.5973756254130086,0.1174788823911631,3164,1367,2898,0.698300595894946,0.5219399538106235,0.5973756254130086,False,,,,,,
ScrawlD,0,Logistic stacker (nested cross-fitted),0.01,0.55,micro_f1,0.5973756254130086,0.1174788823911631,3164,1367,2898,0.698300595894946,0.5219399538106235,0.5973756254130086,False,,,,,,
ScrawlD,0,Logistic stacker (nested cross-fitted),0.01,0.6,micro_f1,0.5973756254130086,0.1174788823911631,3164,1367,2898,0.698300595894946,0.5219399538106235,0.5973756254130086,False,,,,,,
ScrawlD,0,Logistic stacker (nested cross-fitted),0.01,0.65,micro_f1,0.5925639787542251,0.11755014463878619,3068,1225,2994,0.7146517586769159,0.5061035961728803,0.5925639787542251,False,,,,,,
ScrawlD,0,Logistic stacker (nested cross-fitted),0.01,0.7,micro_f1,0.5698045472676506,0.11448607493488279,2857,1109,3205,0.7203731719616743,0.4712966017815902,0.5698045472676506,False,,,,,,
ScrawlD,0,Logistic stacker (nested cross-fitted),0.01,0.75,micro_f1,0.0,0.0,0,0,6062,0.0,0.0,0.0,False,,,,,,
ScrawlD,0,Logistic stacker (nested cross-fitted),0.01,0.8,micro_f1,0.0,0.0,0,0,6062,0.0,0.0,0.0,False,,,,,,
ScrawlD,0,Logistic stacker (nested cross-fitted),0.01,0.85,micro_f1,0.0,0.0,0,0,6062,0.0,0.0,0.0,False,,,,,,
ScrawlD,0,Logistic stacker (nested cross-fitted),0.01,0.9,micro_f1,0.0,0.0,0,0,6062,0.0,0.0,0.0,False,,,,,,
ScrawlD,0,Logistic stacker (nested cross-fitted),0.01,0.95,micro_f1,0.0,0.0,0,0,6062,0.0,0.0,0.0,False,,,,,,
ScrawlD,0,Logistic stacker (nested cross-fitted),0.1,0.05,micro_f1,0.49020094269412057,0.2595298664145143,5928,12196,134,0.3270801147649525,0.97789508413065,0.49020094269412057,False,,,,,,
ScrawlD,0,Logistic stacker (nested cross-fitted),0.1,0.1,micro_f1,0.5274715135858283,0.26494228365075,5717,9898,345,0.36612231828370156,0.94308808973936,0.5274715135858283,False,,,,,,
ScrawlD,0,Logistic stacker (nested cross-fitted),0.1,0.15,micro_f1,0.5456532538499752,0.2546595261239017,5492,8576,570,0.3903895365368212,0.905971626525899,0.5456532538499752,False,,,,,,
ScrawlD,0,Logistic stacker (nested cross-fitted),0.1,0.2,micro_f1,0.5910276805599746,0.21466449084612996,4644,5009,1418,0.4810939604268103,0.766083800725833,0.5910276805599746,False,,,,,,
ScrawlD,0,Logistic stacker (nested cross-fitted),0.1,0.25,micro_f1,0.5978577096006348,0.18332709667687738,4521,4541,1541,0.49889649084087395,0.7457934675024744,0.5978577096006348,False,,,,,,
ScrawlD,0,Logistic stacker (nested cross-fitted),0.1,0.3,micro_f1,0.6013696161470535,0.14402483911971917,3337,1699,2725,0.6626290706910246,0.5504783899703068,0.6013696161470535,True,,,,,,
ScrawlD,0,Logistic stacker (nested cross-fitted),0.1,0.35,micro_f1,0.5973756254130086,0.1174788823911631,3164,1367,2898,0.698300595894946,0.5219399538106235,0.5973756254130086,False,,,,,,
ScrawlD,0,Logistic stacker (nested cross-fitted),0.1,0.4,micro_f1,0.5973756254130086,0.1174788823911631,3164,1367,2898,0.698300595894946,0.5219399538106235,0.5973756254130086,False,,,,,,
ScrawlD,0,Logistic stacker (nested cross-fitted),0.1,0.45,micro_f1,0.5953981630527412,0.11722376540332954,3144,1355,2918,0.6988219604356524,0.5186407126360937,0.5953981630527412,False,,,,,,
ScrawlD,0,Logistic stacker (nested cross-fitted),0.1,0.5,micro_f1,0.5925639787542251,0.11755014463878619,3068,1225,2994,0.7146517586769159,0.5061035961728803,0.5925639787542251,False,,,,,,
ScrawlD,0,Logistic stacker (nested cross-fitted),0.1,0.55,micro_f1,0.5925639787542251,0.11755014463878619,3068,1225,2994,0.7146517586769159,0.5061035961728803,0.5925639787542251,False,,,,,,
ScrawlD,0,Logistic stacker (nested cross-fitted),0.1,0.6,micro_f1,0.5925639787542251,0.11755014463878619,3068,1225,2994,0.7146517586769159,0.5061035961728803,0.5925639787542251,False,,,,,,
ScrawlD,0,Logistic stacker (nested cross-fitted),0.1,0.65,micro_f1,0.5925639787542251,0.11755014463878619,3068,1225,2994,0.7146517586769159,0.5061035961728803,0.5925639787542251,False,,,,,,
ScrawlD,0,Logistic stacker (nested cross-fitted),0.1,0.7,micro_f1,0.5698045472676506,0.11448607493488279,2857,1109,3205,0.7203731719616743,0.4712966017815902,0.5698045472676506,False,,,,,,
ScrawlD,0,Logistic stacker (nested cross-fitted),0.1,0.75,micro_f1,0.0,0.0,0,0,6062,0.0,0.0,0.0,False,,,,,,
ScrawlD,0,Logistic stacker (nested cross-fitted),0.1,0.8,micro_f1,0.0,0.0,0,0,6062,0.0,0.0,0.0,False,,,,,,
ScrawlD,0,Logistic stacker (nested cross-fitted),0.1,0.85,micro_f1,0.0,0.0,0,0,6062,0.0,0.0,0.0,False,,,,,,
ScrawlD,0,Logistic stacker (nested cross-fitted),0.1,0.9,micro_f1,0.0,0.0,0,0,6062,0.0,0.0,0.0,False,,,,,,
ScrawlD,0,Logistic stacker (nested cross-fitted),0.1,0.95,micro_f1,0.0,0.0,0,0,6062,0.0,0.0,0.0,False,,,,,,
ScrawlD,0,Logistic stacker (nested cross-fitted),1.0,0.05,micro_f1,0.4903023034613953,0.2595649554237745,5928,12191,134,0.32717037364092943,0.97789508413065,0.4903023034613953,False,,,,,,
ScrawlD,0,Logistic stacker (nested cross-fitted),1.0,0.1,micro_f1,0.528164132895892,0.2652158019232752,5715,9864,347,0.36683997689196995,0.942758165621907,0.528164132895892,False,,,,,,
ScrawlD,0,Logistic stacker (nested cross-fitted),1.0,0.15,micro_f1,0.544483457791405,0.2561619340055324,5505,8654,557,0.3887986439720319,0.9081161332893435,0.544483457791405,False,,,,,,
ScrawlD,0,Logistic stacker (nested cross-fitted),1.0,0.2,micro_f1,0.5858397160470764,0.22717416756080544,4704,5293,1358,0.47054116234870463,0.7759815242494227,0.5858397160470764,False,,,,,,
ScrawlD,0,Logistic stacker (nested cross-fitted),1.0,0.25,micro_f1,0.5969206474536123,0.18967853139071517,4536,4600,1526,0.4964973730297723,0.7482678983833718,0.5969206474536123,False,,,,,,
ScrawlD,0,Logistic stacker (nested cross-fitted),1.0,0.3,micro_f1,0.6013519603424966,0.1439139857493434,3336,1697,2726,0.6628253526723624,0.5503134279115803,0.6013519603424966,False,,,,,,
ScrawlD,0,Logistic stacker (nested cross-fitted),1.0,0.35,micro_f1,0.5978058757902566,0.12706534855657664,3215,1479,2847,0.6849169152109076,0.5303530188056746,0.5978058757902566,False,,,,,,
ScrawlD,0,Logistic stacker (nested cross-fitted),1.0,0.4,micro_f1,0.5953981630527412,0.11722376540332954,3144,1355,2918,0.6988219604356524,0.5186407126360937,0.5953981630527412,False,,,,,,
ScrawlD,0,Logistic stacker (nested cross-fitted),1.0,0.45,micro_f1,0.5925639787542251,0.11755014463878619,3068,1225,2994,0.7146517586769159,0.5061035961728803,0.5925639787542251,False,,,,,,
ScrawlD,0,Logistic stacker (nested cross-fitted),1.0,0.5,micro_f1,0.5925639787542251,0.11755014463878619,3068,1225,2994,0.7146517586769159,0.5061035961728803,0.5925639787542251,False,,,,,,
ScrawlD,0,Logistic stacker (nested cross-fitted),1.0,0.55,micro_f1,0.5925639787542251,0.11755014463878619,3068,1225,2994,0.7146517586769159,0.5061035961728803,0.5925639787542251,False,,,,,,
ScrawlD,0,Logistic stacker (nested cross-fitted),1.0,0.6,micro_f1,0.5925639787542251,0.11755014463878619,3068,1225,2994,0.7146517586769159,0.5061035961728803,0.5925639787542251,False,,,,,,
ScrawlD,0,Logistic stacker (nested cross-fitted),1.0,0.65,micro_f1,0.5925639787542251,0.11755014463878619,3068,1225,2994,0.7146517586769159,0.5061035961728803,0.5925639787542251,False,,,,,,
ScrawlD,0,Logistic stacker (nested cross-fitted),1.0,0.7,micro_f1,0.5700897308075773,0.11453409181956574,2859,1109,3203,0.7205141129032258,0.47162652589904325,0.5700897308075773,False,,,,,,
ScrawlD,0,Logistic stacker (nested cross-fitted),1.0,0.75,micro_f1,0.003949967083607637,0.0010788456351703676,12,2,6050,0.8571428571428571,0.001979544704717915,0.003949967083607637,False,,,,,,
ScrawlD,0,Logistic stacker (nested cross-fitted),1.0,0.8,micro_f1,0.0019769357495881385,0.0005404431633939831,6,2,6056,0.75,0.0009897723523589574,0.0019769357495881385,False,,,,,,
ScrawlD,0,Logistic stacker (nested cross-fitted),1.0,0.85,micro_f1,0.0,0.0,0,0,6062,0.0,0.0,0.0,False,,,,,,
ScrawlD,0,Logistic stacker (nested cross-fitted),1.0,0.9,micro_f1,0.0,0.0,0,0,6062,0.0,0.0,0.0,False,,,,,,
ScrawlD,0,Logistic stacker (nested cross-fitted),1.0,0.95,micro_f1,0.0,0.0,0,0,6062,0.0,0.0,0.0,False,,,,,,
ScrawlD,0,Logistic stacker (nested cross-fitted),10.0,0.05,micro_f1,0.49015552614162805,0.25953105432276896,5925,12189,137,0.32709506459092413,0.9774001979544704,0.49015552614162805,False,,,,,,
ScrawlD,0,Logistic stacker (nested cross-fitted),10.0,0.1,micro_f1,0.5281169071402145,0.2650116545086093,5710,9852,352,0.36691941909780235,0.9419333553282745,0.5281169071402145,False,,,,,,
ScrawlD,0,Logistic stacker (nested cross-fitted),10.0,0.15,micro_f1,0.5446353418824578,0.25634339239345916,5500,8635,562,0.38910505836575876,0.907291322995711,0.5446353418824578,False,,,,,,
ScrawlD,0,Logistic stacker (nested cross-fitted),10.0,0.2,micro_f1,0.5859856742447835,0.22721900771900058,4704,5289,1358,0.4707295106574602,0.7759815242494227,0.5859856742447835,False,,,,,,
ScrawlD,0,Logistic stacker (nested cross-fitted),10.0,0.25,micro_f1,0.5969599263012436,0.18968977332734244,4536,4599,1526,0.496551724137931,0.7482678983833718,0.5969599263012436,False,,,,,,
ScrawlD,0,Logistic stacker (nested cross-fitted),10.0,0.3,micro_f1,0.6013519603424966,0.1439139857493434,3336,1697,2726,0.6628253526723624,0.5503134279115803,0.6013519603424966,False,,,,,,
ScrawlD,0,Logistic stacker (nested cross-fitted),10.0,0.35,micro_f1,0.5978058757902566,0.12706534855657664,3215,1479,2847,0.6849169152109076,0.5303530188056746,0.5978058757902566,False,,,,,,
ScrawlD,0,Logistic stacker (nested cross-fitted),10.0,0.4,micro_f1,0.5953981630527412,0.11722376540332954,3144,1355,2918,0.6988219604356524,0.5186407126360937,0.5953981630527412,False,,,,,,
ScrawlD,0,Logistic stacker (nested cross-fitted),10.0,0.45,micro_f1,0.5925639787542251,0.11755014463878619,3068,1225,2994,0.7146517586769159,0.5061035961728803,0.5925639787542251,False,,,,,,
ScrawlD,0,Logistic stacker (nested cross-fitted),10.0,0.5,micro_f1,0.5925639787542251,0.11755014463878619,3068,1225,2994,0.7146517586769159,0.5061035961728803,0.5925639787542251,False,,,,,,
ScrawlD,0,Logistic stacker (nested cross-fitted),10.0,0.55,micro_f1,0.5925639787542251,0.11755014463878619,3068,1225,2994,0.7146517586769159,0.5061035961728803,0.5925639787542251,False,,,,,,
ScrawlD,0,Logistic stacker (nested cross-fitted),10.0,0.6,micro_f1,0.5925639787542251,0.11755014463878619,3068,1225,2994,0.7146517586769159,0.5061035961728803,0.5925639787542251,False,,,,,,
ScrawlD,0,Logistic stacker (nested cross-fitted),10.0,0.65,micro_f1,0.5925639787542251,0.11755014463878619,3068,1225,2994,0.7146517586769159,0.5061035961728803,0.5925639787542251,False,,,,,,
ScrawlD,0,Logistic stacker (nested cross-fitted),10.0,0.7,micro_f1,0.5700897308075773,0.11453409181956574,2859,1109,3203,0.7205141129032258,0.47162652589904325,0.5700897308075773,False,,,,,,
ScrawlD,0,Logistic stacker (nested cross-fitted),10.0,0.75,micro_f1,0.003949967083607637,0.0010788456351703676,12,2,6050,0.8571428571428571,0.001979544704717915,0.003949967083607637,False,,,,,,
ScrawlD,0,Logistic stacker (nested cross-fitted),10.0,0.8,micro_f1,0.003949967083607637,0.0010788456351703676,12,2,6050,0.8571428571428571,0.001979544704717915,0.003949967083607637,False,,,,,,
ScrawlD,0,Logistic stacker (nested cross-fitted),10.0,0.85,micro_f1,0.0019769357495881385,0.0005404431633939831,6,2,6056,0.75,0.0009897723523589574,0.0019769357495881385,False,,,,,,
ScrawlD,0,Logistic stacker (nested cross-fitted),10.0,0.9,micro_f1,0.0,0.0,0,0,6062,0.0,0.0,0.0,False,,,,,,
ScrawlD,0,Logistic stacker (nested cross-fitted),10.0,0.95,micro_f1,0.0,0.0,0,0,6062,0.0,0.0,0.0,False,,,,,,
ScrawlD,1,Prevalence-only (nested cross-fitted),,0.05,micro_f1,0.4903822339635103,0.25973069068749993,5940,12208,138,0.327308794357505,0.9772951628825272,0.4903822339635103,False,,,,,,
ScrawlD,1,Prevalence-only (nested cross-fitted),,0.1,micro_f1,0.4903822339635103,0.25973069068749993,5940,12208,138,0.327308794357505,0.9772951628825272,0.4903822339635103,False,,,,,,
ScrawlD,1,Prevalence-only (nested cross-fitted),,0.15,micro_f1,0.5500533292701508,0.23009813438564294,5415,8196,663,0.39783998236720297,0.8909180651530109,0.5500533292701508,False,,,,,,
ScrawlD,1,Prevalence-only (nested cross-fitted),,0.2,micro_f1,0.5975448785638859,0.18333052411572853,4527,4547,1551,0.49889795018734845,0.7448173741362291,0.5975448785638859,False,,,,,,
ScrawlD,1,Prevalence-only (nested cross-fitted),,0.25,micro_f1,0.5975448785638859,0.18333052411572853,4527,4547,1551,0.49889795018734845,0.7448173741362291,0.5975448785638859,True,,,,,,
ScrawlD,1,Prevalence-only (nested cross-fitted),,0.3,micro_f1,0.5968672712283595,0.1624096222940072,3620,2432,2458,0.5981493721083939,0.5955906548206646,0.5968672712283595,False,,,,,,
ScrawlD,1,Prevalence-only (nested cross-fitted),,0.35,micro_f1,0.5968911917098445,0.11747473811068879,3168,1369,2910,0.6982587612960106,0.5212240868706811,0.5968911917098445,False,,,,,,
ScrawlD,1,Prevalence-only (nested cross-fitted),,0.4,micro_f1,0.5968911917098445,0.11747473811068879,3168,1369,2910,0.6982587612960106,0.5212240868706811,0.5968911917098445,False,,,,,,
ScrawlD,1,Prevalence-only (nested cross-fitted),,0.45,micro_f1,0.5968911917098445,0.11747473811068879,3168,1369,2910,0.6982587612960106,0.5212240868706811,0.5968911917098445,False,,,,,,
ScrawlD,1,Prevalence-only (nested cross-fitted),,0.5,micro_f1,0.5968911917098445,0.11747473811068879,3168,1369,2910,0.6982587612960106,0.5212240868706811,0.5968911917098445,False,,,,,,
ScrawlD,1,Prevalence-only (nested cross-fitted),,0.55,micro_f1,0.5968911917098445,0.11747473811068879,3168,1369,2910,0.6982587612960106,0.5212240868706811,0.5968911917098445,False,,,,,,
ScrawlD,1,Prevalence-only (nested cross-fitted),,0.6,micro_f1,0.5968911917098445,0.11747473811068879,3168,1369,2910,0.6982587612960106,0.5212240868706811,0.5968911917098445,False,,,,,,
ScrawlD,1,Prevalence-only (nested cross-fitted),,0.65,micro_f1,0.5968911917098445,0.11747473811068879,3168,1369,2910,0.6982587612960106,0.5212240868706811,0.5968911917098445,False,,,,,,
ScrawlD,1,Prevalence-only (nested cross-fitted),,0.7,micro_f1,0.0,0.0,0,0,6078,0.0,0.0,0.0,False,,,,,,
ScrawlD,1,Prevalence-only (nested cross-fitted),,0.75,micro_f1,0.0,0.0,0,0,6078,0.0,0.0,0.0,False,,,,,,
ScrawlD,1,Prevalence-only (nested cross-fitted),,0.8,micro_f1,0.0,0.0,0,0,6078,0.0,0.0,0.0,False,,,,,,
ScrawlD,1,Prevalence-only (nested cross-fitted),,0.85,micro_f1,0.0,0.0,0,0,6078,0.0,0.0,0.0,False,,,,,,
ScrawlD,1,Prevalence-only (nested cross-fitted),,0.9,micro_f1,0.0,0.0,0,0,6078,0.0,0.0,0.0,False,,,,,,
ScrawlD,1,Prevalence-only (nested cross-fitted),,0.95,micro_f1,0.0,0.0,0,0,6078,0.0,0.0,0.0,False,,,,,,
ScrawlD,1,Logistic stacker (nested cross-fitted),0.01,0.05,micro_f1,0.4903822339635103,0.25973069068749993,5940,12208,138,0.327308794357505,0.9772951628825272,0.4903822339635103,False,,,,,,
ScrawlD,1,Logistic stacker (nested cross-fitted),0.01,0.1,micro_f1,0.49052396878483834,0.259771724890094,5940,12201,138,0.32743509178104846,0.9772951628825272,0.49052396878483834,False,,,,,,
ScrawlD,1,Logistic stacker (nested cross-fitted),0.01,0.15,micro_f1,0.5478364430329495,0.26046250685527855,5520,8554,558,0.39221259059258207,0.9081934846989141,0.5478364430329495,False,,,,,,
ScrawlD,1,Logistic stacker (nested cross-fitted),0.01,0.2,micro_f1,0.5941172651126551,0.1953923409268857,4575,4748,1503,0.49072187064249706,0.7527147087857848,0.5941172651126551,False,,,,,,
ScrawlD,1,Logistic stacker (nested cross-fitted),0.01,0.25,micro_f1,0.5975448785638859,0.18333052411572853,4527,4547,1551,0.49889795018734845,0.7448173741362291,0.5975448785638859,False,,,,,,
ScrawlD,1,Logistic stacker (nested cross-fitted),0.01,0.3,micro_f1,0.6023054755043228,0.1446856224644303,3344,1682,2734,0.6653402307998408,0.550180980585719,0.6023054755043228,False,,,,,,
ScrawlD,1,Logistic stacker (nested cross-fitted),0.01,0.35,micro_f1,0.5968911917098445,0.11747473811068879,3168,1369,2910,0.6982587612960106,0.5212240868706811,0.5968911917098445,False,,,,,,
ScrawlD,1,Logistic stacker (nested cross-fitted),0.01,0.4,micro_f1,0.5968911917098445,0.11747473811068879,3168,1369,2910,0.6982587612960106,0.5212240868706811,0.5968911917098445,False,,,,,,
ScrawlD,1,Logistic stacker (nested cross-fitted),0.01,0.45,micro_f1,0.5968911917098445,0.11747473811068879,3168,1369,2910,0.6982587612960106,0.5212240868706811,0.5968911917098445,False,,,,,,
ScrawlD,1,Logistic stacker (nested cross-fitted),0.01,0.5,micro_f1,0.5968911917098445,0.11747473811068879,3168,1369,2910,0.6982587612960106,0.5212240868706811,0.5968911917098445,False,,,,,,
ScrawlD,1,Logistic stacker (nested cross-fitted),0.01,0.55,micro_f1,0.5968911917098445,0.11747473811068879,3168,1369,2910,0.6982587612960106,0.5212240868706811,0.5968911917098445,False,,,,,,
ScrawlD,1,Logistic stacker (nested cross-fitted),0.01,0.6,micro_f1,0.5960015088645794,0.1173456125366705,3160,1366,2918,0.6981882456915599,0.5199078644290885,0.5960015088645794,False,,,,,,
ScrawlD,1,Logistic stacker (nested cross-fitted),0.01,0.65,micro_f1,0.592571208622017,0.1175774239126284,3079,1235,2999,0.7137227630968939,0.5065811122079631,0.592571208622017,False,,,,,,
ScrawlD,1,Logistic stacker (nested cross-fitted),0.01,0.7,micro_f1,0.5714285714285714,0.11482871516409807,2876,1112,3202,0.7211634904714143,0.47318196775255017,0.5714285714285714,False,,,,,,
ScrawlD,1,Logistic stacker (nested cross-fitted),0.01,0.75,micro_f1,0.0,0.0,0,0,6078,0.0,0.0,0.0,False,,,,,,
ScrawlD,1,Logistic stacker (nested cross-fitted),0.01,0.8,micro_f1,0.0,0.0,0,0,6078,0.0,0.0,0.0,False,,,,,,
ScrawlD,1,Logistic stacker (nested cross-fitted),0.01,0.85,micro_f1,0.0,0.0,0,0,6078,0.0,0.0,0.0,False,,,,,,
ScrawlD,1,Logistic stacker (nested cross-fitted),0.01,0.9,micro_f1,0.0,0.0,0,0,6078,0.0,0.0,0.0,False,,,,,,
ScrawlD,1,Logistic stacker (nested cross-fitted),0.01,0.95,micro_f1,0.0,0.0,0,0,6078,0.0,0.0,0.0,False,,,,,,
ScrawlD,1,Logistic stacker (nested cross-fitted),0.1,0.05,micro_f1,0.4903822339635103,0.25973069068749993,5940,12208,138,0.327308794357505,0.9772951628825272,0.4903822339635103,False,,,,,,
ScrawlD,1,Logistic stacker (nested cross-fitted),0.1,0.1,micro_f1,0.5277803372339446,0.26527853227257114,5728,9900,350,0.3665216278474533,0.9424152681803225,0.5277803372339446,False,,,,,,
ScrawlD,1,Logistic stacker (nested cross-fitted),0.1,0.15,micro_f1,0.5463424258866473,0.2617869144964248,5538,8657,540,0.39013737231419515,0.9111549851924975,0.5463424258866473,False,,,,,,
ScrawlD,1,Logistic stacker (nested cross-fitted),0.1,0.2,micro_f1,0.5903189209630657,0.22690012750163913,4683,5105,1395,0.47844299141806296,0.7704837117472852,0.5903189209630657,False,,,,,,
ScrawlD,1,Logistic stacker (nested cross-fitted),0.1,0.25,micro_f1,0.596093340325118,0.18909089277932298,4547,4631,1531,0.4954238396164742,0.7481079302402106,0.596093340325118,False,,,,,,
ScrawlD,1,Logistic stacker (nested cross-fitted),0.1,0.3,micro_f1,0.6024139794631598,0.14471510337922308,3344,1680,2734,0.6656050955414012,0.550180980585719,0.6024139794631598,True,,,,,,
ScrawlD,1,Logistic stacker (nested cross-fitted),0.1,0.35,micro_f1,0.5993788819875776,0.13655612953250576,3281,1589,2797,0.6737166324435319,0.5398157288581771,0.5993788819875776,False,,,,,,
ScrawlD,1,Logistic stacker (nested cross-fitted),0.1,0.4,micro_f1,0.5960015088645794,0.1173456125366705,3160,1366,2918,0.6981882456915599,0.5199078644290885,0.5960015088645794,False,,,,,,
ScrawlD,1,Logistic stacker (nested cross-fitted),0.1,0.45,micro_f1,0.5951256376346118,0.11724856696195936,3150,1358,2928,0.6987577639751553,0.5182625863770978,0.5951256376346118,False,,,,,,
ScrawlD,1,Logistic stacker (nested cross-fitted),0.1,0.5,micro_f1,0.592571208622017,0.1175774239126284,3079,1235,2999,0.7137227630968939,0.5065811122079631,0.592571208622017,False,,,,,,
ScrawlD,1,Logistic stacker (nested cross-fitted),0.1,0.55,micro_f1,0.592571208622017,0.1175774239126284,3079,1235,2999,0.7137227630968939,0.5065811122079631,0.592571208622017,False,,,,,,
ScrawlD,1,Logistic stacker (nested cross-fitted),0.1,0.6,micro_f1,0.592571208622017,0.1175774239126284,3079,1235,2999,0.7137227630968939,0.5065811122079631,0.592571208622017,False,,,,,,
ScrawlD,1,Logistic stacker (nested cross-fitted),0.1,0.65,micro_f1,0.5847021090484984,0.1164695177434031,3008,1203,3070,0.7143196390406079,0.4948996380388286,0.5847021090484984,False,,,,,,
ScrawlD,1,Logistic stacker (nested cross-fitted),0.1,0.7,micro_f1,0.5714285714285714,0.11482871516409807,2876,1112,3202,0.7211634904714143,0.47318196775255017,0.5714285714285714,False,,,,,,
ScrawlD,1,Logistic stacker (nested cross-fitted),0.1,0.75,micro_f1,0.0023003614853762734,0.0006297229219143577,7,1,6071,0.875,0.0011516946363935505,0.0023003614853762734,False,,,,,,
ScrawlD,1,Logistic stacker (nested cross-fitted),0.1,0.8,micro_f1,0.0,0.0,0,0,6078,0.0,0.0,0.0,False,,,,,,
ScrawlD,1,Logistic stacker (nested cross-fitted),0.1,0.85,micro_f1,0.0,0.0,0,0,6078,0.0,0.0,0.0,False,,,,,,
ScrawlD,1,Logistic stacker (nested cross-fitted),0.1,0.9,micro_f1,0.0,0.0,0,0,6078,0.0,0.0,0.0,False,,,,,,
ScrawlD,1,Logistic stacker (nested cross-fitted),0.1,0.95,micro_f1,0.0,0.0,0,0,6078,0.0,0.0,0.0,False,,,,,,
ScrawlD,1,Logistic stacker (nested cross-fitted),1.0,0.05,micro_f1,0.4873096446700508,0.2985732327543862,5952,12398,126,0.3243596730245232,0.9792694965449161,0.4873096446700508,False,,,,,,
ScrawlD,1,Logistic stacker (nested cross-fitted),1.0,0.1,micro_f1,0.5279365664761202,0.2653030245826092,5726,9888,352,0.3667221724093762,0.9420862125699243,0.5279365664761202,False,,,,,,
ScrawlD,1,Logistic stacker (nested cross-fitted),1.0,0.15,micro_f1,0.5453563184519424,0.2627890958277412,5552,8731,526,0.3887138556325702,0.9134583744652847,0.5453563184519424,False,,,,,,
ScrawlD,1,Logistic stacker (nested cross-fitted),1.0,0.2,micro_f1,0.5905422446406053,0.22696721319196683,4683,5099,1395,0.4787364547127377,0.7704837117472852,0.5905422446406053,False,,,,,,
ScrawlD,1,Logistic stacker (nested cross-fitted),1.0,0.25,micro_f1,0.5966480446927375,0.18916166527129435,4539,4598,1539,0.49677136915836706,0.7467917077986179,0.5966480446927375,False,,,,,,
ScrawlD,1,Logistic stacker (nested cross-fitted),1.0,0.3,micro_f1,0.6016054839000632,0.14449002078857062,3335,1674,2743,0.6658015571970454,0.5487002303389272,0.6016054839000632,False,,,,,,
ScrawlD,1,Logistic stacker (nested cross-fitted),1.0,0.35,micro_f1,0.598518789430374,0.13642700395848745,3273,1586,2805,0.673595389997942,0.5384995064165844,0.598518789430374,False,,,,,,
ScrawlD,1,Logistic stacker (nested cross-fitted),1.0,0.4,micro_f1,0.5941120607787275,0.11728533933258344,3128,1324,2950,0.7026055705300989,0.514642974662718,0.5941120607787275,False,,,,,,
ScrawlD,1,Logistic stacker (nested cross-fitted),1.0,0.45,micro_f1,0.592571208622017,0.1175774239126284,3079,1235,2999,0.7137227630968939,0.5065811122079631,0.592571208622017,False,,,,,,
ScrawlD,1,Logistic stacker (nested cross-fitted),1.0,0.5,micro_f1,0.592571208622017,0.1175774239126284,3079,1235,2999,0.7137227630968939,0.5065811122079631,0.592571208622017,False,,,,,,
ScrawlD,1,Logistic stacker (nested cross-fitted),1.0,0.55,micro_f1,0.592571208622017,0.1175774239126284,3079,1235,2999,0.7137227630968939,0.5065811122079631,0.592571208622017,False,,,,,,
ScrawlD,1,Logistic stacker (nested cross-fitted),1.0,0.6,micro_f1,0.592571208622017,0.1175774239126284,3079,1235,2999,0.7137227630968939,0.5065811122079631,0.592571208622017,False,,,,,,
ScrawlD,1,Logistic stacker (nested cross-fitted),1.0,0.65,micro_f1,0.5847021090484984,0.1164695177434031,3008,1203,3070,0.7143196390406079,0.4948996380388286,0.5847021090484984,False,,,,,,
ScrawlD,1,Logistic stacker (nested cross-fitted),1.0,0.7,micro_f1,0.5715704777987484,0.11485259186810116,2877,1112,3201,0.7212333918275257,0.47334649555774927,0.5715704777987484,False,,,,,,
ScrawlD,1,Logistic stacker (nested cross-fitted),1.0,0.75,micro_f1,0.005250205086136177,0.001435299394483068,16,1,6062,0.9411764705882353,0.0026324448831852583,0.005250205086136177,False,,,,,,
ScrawlD,1,Logistic stacker (nested cross-fitted),1.0,0.8,micro_f1,0.005250205086136177,0.001435299394483068,16,1,6062,0.9411764705882353,0.0026324448831852583,0.005250205086136177,False,,,,,,
ScrawlD,1,Logistic stacker (nested cross-fitted),1.0,0.85,micro_f1,0.0023003614853762734,0.0006297229219143577,7,1,6071,0.875,0.0011516946363935505,0.0023003614853762734,False,,,,,,
ScrawlD,1,Logistic stacker (nested cross-fitted),1.0,0.9,micro_f1,0.0,0.0,0,0,6078,0.0,0.0,0.0,False,,,,,,
ScrawlD,1,Logistic stacker (nested cross-fitted),1.0,0.95,micro_f1,0.0,0.0,0,0,6078,0.0,0.0,0.0,False,,,,,,
ScrawlD,1,Logistic stacker (nested cross-fitted),10.0,0.05,micro_f1,0.4868668685050323,0.26809800700141795,5950,12414,128,0.3240034850795034,0.9789404409345179,0.4868668685050323,False,,,,,,
ScrawlD,1,Logistic stacker (nested cross-fitted),10.0,0.1,micro_f1,0.5278584266556062,0.2695748120254114,5727,9894,351,0.3666218551949299,0.9422507403751234,0.5278584266556062,False,,,,,,
ScrawlD,1,Logistic stacker (nested cross-fitted),10.0,0.15,micro_f1,0.5450886063521673,0.2649223782517377,5552,8741,526,0.3884418946337368,0.9134583744652847,0.5450886063521673,False,,,,,,
ScrawlD,1,Logistic stacker (nested cross-fitted),10.0,0.2,micro_f1,0.5904473468357625,0.2269409980315538,4679,5092,1399,0.4788660321359124,0.769825600526489,0.5904473468357625,False,,,,,,
ScrawlD,1,Logistic stacker (nested cross-fitted),10.0,0.25,micro_f1,0.5964912280701754,0.18916166527129435,4539,4602,1539,0.49655398752871677,0.7467917077986179,0.5964912280701754,False,,,,,,
ScrawlD,1,Logistic stacker (nested cross-fitted),10.0,0.3,micro_f1,0.6015512265512265,0.14449002078857062,3335,1675,2743,0.6656686626746507,0.5487002303389272,0.6015512265512265,False,,,,,,
ScrawlD,1,Logistic stacker (nested cross-fitted),10.0,0.35,micro_f1,0.598518789430374,0.13642700395848745,3273,1586,2805,0.673595389997942,0.5384995064165844,0.598518789430374,False,,,,,,
ScrawlD,1,Logistic stacker (nested cross-fitted),10.0,0.4,micro_f1,0.5941120607787275,0.11728533933258344,3128,1324,2950,0.7026055705300989,0.514642974662718,0.5941120607787275,False,,,,,,
ScrawlD,1,Logistic stacker (nested cross-fitted),10.0,0.45,micro_f1,0.592571208622017,0.1175774239126284,3079,1235,2999,0.7137227630968939,0.5065811122079631,0.592571208622017,False,,,,,,
ScrawlD,1,Logistic stacker (nested cross-fitted),10.0,0.5,micro_f1,0.592571208622017,0.1175774239126284,3079,1235,2999,0.7137227630968939,0.5065811122079631,0.592571208622017,False,,,,,,
ScrawlD,1,Logistic stacker (nested cross-fitted),10.0,0.55,micro_f1,0.592571208622017,0.1175774239126284,3079,1235,2999,0.7137227630968939,0.5065811122079631,0.592571208622017,False,,,,,,
ScrawlD,1,Logistic stacker (nested cross-fitted),10.0,0.6,micro_f1,0.592571208622017,0.1175774239126284,3079,1235,2999,0.7137227630968939,0.5065811122079631,0.592571208622017,False,,,,,,
ScrawlD,1,Logistic stacker (nested cross-fitted),10.0,0.65,micro_f1,0.5847021090484984,0.1164695177434031,3008,1203,3070,0.7143196390406079,0.4948996380388286,0.5847021090484984,False,,,,,,
ScrawlD,1,Logistic stacker (nested cross-fitted),10.0,0.7,micro_f1,0.5715704777987484,0.11485259186810116,2877,1112,3201,0.7212333918275257,0.47334649555774927,0.5715704777987484,False,,,,,,
ScrawlD,1,Logistic stacker (nested cross-fitted),10.0,0.75,micro_f1,0.005250205086136177,0.001435299394483068,16,1,6062,0.9411764705882353,0.0026324448831852583,0.005250205086136177,False,,,,,,
ScrawlD,1,Logistic stacker (nested cross-fitted),10.0,0.8,micro_f1,0.005250205086136177,0.001435299394483068,16,1,6062,0.9411764705882353,0.0026324448831852583,0.005250205086136177,False,,,,,,
ScrawlD,1,Logistic stacker (nested cross-fitted),10.0,0.85,micro_f1,0.005250205086136177,0.001435299394483068,16,1,6062,0.9411764705882353,0.0026324448831852583,0.005250205086136177,False,,,,,,
ScrawlD,1,Logistic stacker (nested cross-fitted),10.0,0.9,micro_f1,0.0026285526531953343,0.0007194568101083681,8,1,6070,0.8888888888888888,0.0013162224415926291,0.0026285526531953343,False,,,,,,
ScrawlD,1,Logistic stacker (nested cross-fitted),10.0,0.95,micro_f1,0.001643655489809336,0.0004500855162480871,5,1,6073,0.8333333333333334,0.0008226390259953932,0.001643655489809336,False,,,,,,
ScrawlD,2,Prevalence-only (nested cross-fitted),,0.05,micro_f1,0.4903774675807384,0.25965146729224353,5937,12203,137,0.3272877618522602,0.9774448468883767,0.4903774675807384,False,,,,,,
ScrawlD,2,Prevalence-only (nested cross-fitted),,0.1,micro_f1,0.4903774675807384,0.25965146729224353,5937,12203,137,0.3272877618522602,0.9774448468883767,0.4903774675807384,False,,,,,,
ScrawlD,2,Prevalence-only (nested cross-fitted),,0.15,micro_f1,0.5501295797550688,0.23005781524356086,5413,8192,661,0.3978684307239985,0.89117550214027,0.5501295797550688,False,,,,,,
ScrawlD,2,Prevalence-only (nested cross-fitted),,0.2,micro_f1,0.5979926043317485,0.18340520586032416,4528,4542,1546,0.49922822491730984,0.7454725057622654,0.5979926043317485,False,,,,,,
ScrawlD,2,Prevalence-only (nested cross-fitted),,0.25,micro_f1,0.5979926043317485,0.18340520586032416,4528,4542,1546,0.49922822491730984,0.7454725057622654,0.5979926043317485,True,,,,,,
ScrawlD,2,Prevalence-only (nested cross-fitted),,0.3,micro_f1,0.5974172872089735,0.11752707313454977,3169,1366,2905,0.698787210584344,0.5217319723411261,0.5974172872089735,False,,,,,,
ScrawlD,2,Prevalence-only (nested cross-fitted),,0.35,micro_f1,0.5974172872089735,0.11752707313454977,3169,1366,2905,0.698787210584344,0.5217319723411261,0.5974172872089735,False,,,,,,
ScrawlD,2,Prevalence-only (nested cross-fitted),,0.4,micro_f1,0.5974172872089735,0.11752707313454977,3169,1366,2905,0.698787210584344,0.5217319723411261,0.5974172872089735,False,,,,,,
ScrawlD,2,Prevalence-only (nested cross-fitted),,0.45,micro_f1,0.5974172872089735,0.11752707313454977,3169,1366,2905,0.698787210584344,0.5217319723411261,0.5974172872089735,False,,,,,,
ScrawlD,2,Prevalence-only (nested cross-fitted),,0.5,micro_f1,0.5974172872089735,0.11752707313454977,3169,1366,2905,0.698787210584344,0.5217319723411261,0.5974172872089735,False,,,,,,
ScrawlD,2,Prevalence-only (nested cross-fitted),,0.55,micro_f1,0.5974172872089735,0.11752707313454977,3169,1366,2905,0.698787210584344,0.5217319723411261,0.5974172872089735,False,,,,,,
ScrawlD,2,Prevalence-only (nested cross-fitted),,0.6,micro_f1,0.5974172872089735,0.11752707313454977,3169,1366,2905,0.698787210584344,0.5217319723411261,0.5974172872089735,False,,,,,,
ScrawlD,2,Prevalence-only (nested cross-fitted),,0.65,micro_f1,0.5974172872089735,0.11752707313454977,3169,1366,2905,0.698787210584344,0.5217319723411261,0.5974172872089735,False,,,,,,
ScrawlD,2,Prevalence-only (nested cross-fitted),,0.7,micro_f1,0.0,0.0,0,0,6074,0.0,0.0,0.0,False,,,,,,
ScrawlD,2,Prevalence-only (nested cross-fitted),,0.75,micro_f1,0.0,0.0,0,0,6074,0.0,0.0,0.0,False,,,,,,
ScrawlD,2,Prevalence-only (nested cross-fitted),,0.8,micro_f1,0.0,0.0,0,0,6074,0.0,0.0,0.0,False,,,,,,
ScrawlD,2,Prevalence-only (nested cross-fitted),,0.85,micro_f1,0.0,0.0,0,0,6074,0.0,0.0,0.0,False,,,,,,
ScrawlD,2,Prevalence-only (nested cross-fitted),,0.9,micro_f1,0.0,0.0,0,0,6074,0.0,0.0,0.0,False,,,,,,
ScrawlD,2,Prevalence-only (nested cross-fitted),,0.95,micro_f1,0.0,0.0,0,0,6074,0.0,0.0,0.0,False,,,,,,
ScrawlD,2,Logistic stacker (nested cross-fitted),0.01,0.05,micro_f1,0.4903774675807384,0.25965146729224353,5937,12203,137,0.3272877618522602,0.9774448468883767,0.4903774675807384,False,,,,,,
ScrawlD,2,Logistic stacker (nested cross-fitted),0.01,0.1,micro_f1,0.49033377395902183,0.2595735201995983,5935,12199,139,0.3272857615528841,0.9771155745801778,0.49033377395902183,False,,,,,,
ScrawlD,2,Logistic stacker (nested cross-fitted),0.01,0.15,micro_f1,0.547676282051282,0.24938657995977945,5468,8426,606,0.3935511731682741,0.9002304906157392,0.547676282051282,False,,,,,,
ScrawlD,2,Logistic stacker (nested cross-fitted),0.01,0.2,micro_f1,0.589929891650733,0.20337126356223093,4628,4988,1446,0.4812811980033278,0.7619361211722094,0.589929891650733,False,,,,,,
ScrawlD,2,Logistic stacker (nested cross-fitted),0.01,0.25,micro_f1,0.5979926043317485,0.18340520586032416,4528,4542,1546,0.49922822491730984,0.7454725057622654,0.5979926043317485,False,,,,,,
ScrawlD,2,Logistic stacker (nested cross-fitted),0.01,0.3,micro_f1,0.6017635414792154,0.14435110746931373,3344,1696,2730,0.6634920634920635,0.5505432993085282,0.6017635414792154,False,,,,,,
ScrawlD,2,Logistic stacker (nested cross-fitted),0.01,0.35,micro_f1,0.5974172872089735,0.11752707313454977,3169,1366,2905,0.698787210584344,0.5217319723411261,0.5974172872089735,False,,,,,,
ScrawlD,2,Logistic stacker (nested cross-fitted),0.01,0.4,micro_f1,0.5974172872089735,0.11752707313454977,3169,1366,2905,0.698787210584344,0.5217319723411261,0.5974172872089735,False,,,,,,
ScrawlD,2,Logistic stacker (nested cross-fitted),0.01,0.45,micro_f1,0.5974172872089735,0.11752707313454977,3169,1366,2905,0.698787210584344,0.5217319723411261,0.5974172872089735,False,,,,,,
ScrawlD,2,Logistic stacker (nested cross-fitted),0.01,0.5,micro_f1,0.5974172872089735,0.11752707313454977,3169,1366,2905,0.698787210584344,0.5217319723411261,0.5974172872089735,False,,,,,,
ScrawlD,2,Logistic stacker (nested cross-fitted),0.01,0.55,micro_f1,0.5974172872089735,0.11752707313454977,3169,1366,2905,0.698787210584344,0.5217319723411261,0.5974172872089735,False,,,,,,
ScrawlD,2,Logistic stacker (nested cross-fitted),0.01,0.6,micro_f1,0.5965839388506181,0.11741326795928979,3161,1362,2913,0.698872429803228,0.5204148831083306,0.5965839388506181,False,,,,,,
ScrawlD,2,Logistic stacker (nested cross-fitted),0.01,0.65,micro_f1,0.5917776491024899,0.11747351481829153,3066,1222,3008,0.715018656716418,0.5047744484688838,0.5917776491024899,False,,,,,,
ScrawlD,2,Logistic stacker (nested cross-fitted),0.01,0.7,micro_f1,0.5682951146560319,0.1142857142857143,2850,1106,3224,0.7204246713852376,0.4692130391834047,0.5682951146560319,False,,,,,,
ScrawlD,2,Logistic stacker (nested cross-fitted),0.01,0.75,micro_f1,0.0,0.0,0,0,6074,0.0,0.0,0.0,False,,,,,,
ScrawlD,2,Logistic stacker (nested cross-fitted),0.01,0.8,micro_f1,0.0,0.0,0,0,6074,0.0,0.0,0.0,False,,,,,,
ScrawlD,2,Logistic stacker (nested cross-fitted),0.01,0.85,micro_f1,0.0,0.0,0,0,6074,0.0,0.0,0.0,False,,,,,,
ScrawlD,2,Logistic stacker (nested cross-fitted),0.01,0.9,micro_f1,0.0,0.0,0,0,6074,0.0,0.0,0.0,False,,,,,,
ScrawlD,2,Logistic stacker (nested cross-fitted),0.01,0.95,micro_f1,0.0,0.0,0,0,6074,0.0,0.0,0.0,False,,,,,,
ScrawlD,2,Logistic stacker (nested cross-fitted),0.1,0.05,micro_f1,0.4903774675807384,0.25965146729224353,5937,12203,137,0.3272877618522602,0.9774448468883767,0.4903774675807384,False,,,,,,
ScrawlD,2,Logistic stacker (nested cross-fitted),0.1,0.1,micro_f1,0.5273003732202921,0.26470683968850367,5722,9907,352,0.3661142747456651,0.9420480737569971,0.5273003732202921,False,,,,,,
ScrawlD,2,Logistic stacker (nested cross-fitted),0.1,0.15,micro_f1,0.5465474416294088,0.2558453610311066,5501,8555,573,0.3913631189527604,0.9056634837010208,0.5465474416294088,False,,,,,,
ScrawlD,2,Logistic stacker (nested cross-fitted),0.1,0.2,micro_f1,0.588567130500188,0.2202534716842999,4695,5185,1379,0.47520242914979755,0.7729667434968719,0.588567130500188,False,,,,,,
ScrawlD,2,Logistic stacker (nested cross-fitted),0.1,0.25,micro_f1,0.5964313828391499,0.18939141668048093,4546,4624,1528,0.49574700109051256,0.7484359565360553,0.5964313828391499,False,,,,,,
ScrawlD,2,Logistic stacker (nested cross-fitted),0.1,0.3,micro_f1,0.6018176909925312,0.14436550577008386,3344,1695,2730,0.6636237348680294,0.5505432993085282,0.6018176909925312,True,,,,,,
ScrawlD,2,Logistic stacker (nested cross-fitted),0.1,0.35,micro_f1,0.5974172872089735,0.11752707313454977,3169,1366,2905,0.698787210584344,0.5217319723411261,0.5974172872089735,False,,,,,,
ScrawlD,2,Logistic stacker (nested cross-fitted),0.1,0.4,micro_f1,0.5974172872089735,0.11752707313454977,3169,1366,2905,0.698787210584344,0.5217319723411261,0.5974172872089735,False,,,,,,
ScrawlD,2,Logistic stacker (nested cross-fitted),0.1,0.45,micro_f1,0.596222851746931,0.1173715029277814,3157,1359,2917,0.6990699734278122,0.5197563384919328,0.596222851746931,False,,,,,,
ScrawlD,2,Logistic stacker (nested cross-fitted),0.1,0.5,micro_f1,0.5917776491024899,0.11747351481829153,3066,1222,3008,0.715018656716418,0.5047744484688838,0.5917776491024899,False,,,,,,
ScrawlD,2,Logistic stacker (nested cross-fitted),0.1,0.55,micro_f1,0.5917776491024899,0.11747351481829153,3066,1222,3008,0.715018656716418,0.5047744484688838,0.5917776491024899,False,,,,,,
ScrawlD,2,Logistic stacker (nested cross-fitted),0.1,0.6,micro_f1,0.5917776491024899,0.11747351481829153,3066,1222,3008,0.715018656716418,0.5047744484688838,0.5917776491024899,False,,,,,,
ScrawlD,2,Logistic stacker (nested cross-fitted),0.1,0.65,micro_f1,0.5917776491024899,0.11747351481829153,3066,1222,3008,0.715018656716418,0.5047744484688838,0.5917776491024899,False,,,,,,
ScrawlD,2,Logistic stacker (nested cross-fitted),0.1,0.7,micro_f1,0.5760409489122945,0.11524676040805072,2926,1159,3148,0.7162790697674418,0.48172538689496214,0.5760409489122945,False,,,,,,
ScrawlD,2,Logistic stacker (nested cross-fitted),0.1,0.75,micro_f1,0.0,0.0,0,1,6074,0.0,0.0,0.0,False,,,,,,
ScrawlD,2,Logistic stacker (nested cross-fitted),0.1,0.8,micro_f1,0.0,0.0,0,0,6074,0.0,0.0,0.0,False,,,,,,
ScrawlD,2,Logistic stacker (nested cross-fitted),0.1,0.85,micro_f1,0.0,0.0,0,0,6074,0.0,0.0,0.0,False,,,,,,
ScrawlD,2,Logistic stacker (nested cross-fitted),0.1,0.9,micro_f1,0.0,0.0,0,0,6074,0.0,0.0,0.0,False,,,,,,
ScrawlD,2,Logistic stacker (nested cross-fitted),0.1,0.95,micro_f1,0.0,0.0,0,0,6074,0.0,0.0,0.0,False,,,,,,
ScrawlD,2,Logistic stacker (nested cross-fitted),1.0,0.05,micro_f1,0.48825944170771757,0.3010948667484465,5947,12339,127,0.3252214809143607,0.9790912084293711,0.48825944170771757,False,,,,,,
ScrawlD,2,Logistic stacker (nested cross-fitted),1.0,0.1,micro_f1,0.5276560409650782,0.2670467331300165,5719,9884,355,0.3665320771646478,0.9415541652946987,0.5276560409650782,False,,,,,,
ScrawlD,2,Logistic stacker (nested cross-fitted),1.0,0.15,micro_f1,0.5453915796764458,0.2573258079984336,5512,8627,562,0.3898436947450315,0.9074744813961146,0.5453915796764458,False,,,,,,
ScrawlD,2,Logistic stacker (nested cross-fitted),1.0,0.2,micro_f1,0.5870281698899322,0.22882845471846744,4720,5287,1354,0.47166983111821725,0.777082647349358,0.5870281698899322,False,,,,,,
ScrawlD,2,Logistic stacker (nested cross-fitted),1.0,0.25,micro_f1,0.5962781586679726,0.19502700862563466,4566,4675,1508,0.49410236987339035,0.7517286796180441,0.5962781586679726,False,,,,,,
ScrawlD,2,Logistic stacker (nested cross-fitted),1.0,0.3,micro_f1,0.6015835882670506,0.14419782727311506,3343,1697,2731,0.6632936507936508,0.5503786631544287,0.6015835882670506,False,,,,,,
ScrawlD,2,Logistic stacker (nested cross-fitted),1.0,0.35,micro_f1,0.5973953488372094,0.12686149169322783,3211,1465,2863,0.6866980325064157,0.5286466908133026,0.5973953488372094,False,,,,,,
ScrawlD,2,Logistic stacker (nested cross-fitted),1.0,0.4,micro_f1,0.596222851746931,0.1173715029277814,3157,1359,2917,0.6990699734278122,0.5197563384919328,0.596222851746931,False,,,,,,
ScrawlD,2,Logistic stacker (nested cross-fitted),1.0,0.45,micro_f1,0.5917776491024899,0.11747351481829153,3066,1222,3008,0.715018656716418,0.5047744484688838,0.5917776491024899,False,,,,,,
ScrawlD,2,Logistic stacker (nested cross-fitted),1.0,0.5,micro_f1,0.5917776491024899,0.11747351481829153,3066,1222,3008,0.715018656716418,0.5047744484688838,0.5917776491024899,False,,,,,,
ScrawlD,2,Logistic stacker (nested cross-fitted),1.0,0.55,micro_f1,0.5917776491024899,0.11747351481829153,3066,1222,3008,0.715018656716418,0.5047744484688838,0.5917776491024899,False,,,,,,
ScrawlD,2,Logistic stacker (nested cross-fitted),1.0,0.6,micro_f1,0.5917776491024899,0.11747351481829153,3066,1222,3008,0.715018656716418,0.5047744484688838,0.5917776491024899,False,,,,,,
ScrawlD,2,Logistic stacker (nested cross-fitted),1.0,0.65,micro_f1,0.5838206627680312,0.11634456637855686,2995,1191,3079,0.7154801720019112,0.4930852815278235,0.5838206627680312,False,,,,,,
ScrawlD,2,Logistic stacker (nested cross-fitted),1.0,0.7,micro_f1,0.5761811023622048,0.11527025696563946,2927,1159,3147,0.7163485070974058,0.4818900230490616,0.5761811023622048,False,,,,,,
ScrawlD,2,Logistic stacker (nested cross-fitted),1.0,0.75,micro_f1,0.0019730351857941467,0.0005395926075812762,6,2,6068,0.75,0.0009878169245966415,0.0019730351857941467,False,,,,,,
ScrawlD,2,Logistic stacker (nested cross-fitted),1.0,0.8,micro_f1,0.0,0.0,0,1,6074,0.0,0.0,0.0,False,,,,,,
ScrawlD,2,Logistic stacker (nested cross-fitted),1.0,0.85,micro_f1,0.0,0.0,0,0,6074,0.0,0.0,0.0,False,,,,,,
ScrawlD,2,Logistic stacker (nested cross-fitted),1.0,0.9,micro_f1,0.0,0.0,0,0,6074,0.0,0.0,0.0,False,,,,,,
ScrawlD,2,Logistic stacker (nested cross-fitted),1.0,0.95,micro_f1,0.0,0.0,0,0,6074,0.0,0.0,0.0,False,,,,,,
ScrawlD,2,Logistic stacker (nested cross-fitted),10.0,0.05,micro_f1,0.488749948582946,0.267944553506638,5941,12296,133,0.3257662992816801,0.9781033915047744,0.488749948582946,False,,,,,,
ScrawlD,2,Logistic stacker (nested cross-fitted),10.0,0.1,micro_f1,0.5273985239852399,0.27099128344855283,5717,9889,357,0.36633346148917084,0.9412248929864998,0.5273985239852399,False,,,,,,
ScrawlD,2,Logistic stacker (nested cross-fitted),10.0,0.15,micro_f1,0.5453645987929158,0.2596832773809857,5512,8628,562,0.3898161244695898,0.9074744813961146,0.5453645987929158,False,,,,,,
ScrawlD,2,Logistic stacker (nested cross-fitted),10.0,0.2,micro_f1,0.5853298023033812,0.237551381024375,4752,5411,1322,0.4675784709239398,0.78235100428054,0.5853298023033812,False,,,,,,
ScrawlD,2,Logistic stacker (nested cross-fitted),10.0,0.25,micro_f1,0.5963949843260188,0.19506077478725387,4566,4672,1508,0.4942628274518294,0.7517286796180441,0.5963949843260188,False,,,,,,
ScrawlD,2,Logistic stacker (nested cross-fitted),10.0,0.3,micro_f1,0.6015835882670506,0.14419782727311506,3343,1697,2731,0.6632936507936508,0.5503786631544287,0.6015835882670506,False,,,,,,
ScrawlD,2,Logistic stacker (nested cross-fitted),10.0,0.35,micro_f1,0.5973953488372094,0.12686149169322783,3211,1465,2863,0.6866980325064157,0.5286466908133026,0.5973953488372094,False,,,,,,
ScrawlD,2,Logistic stacker (nested cross-fitted),10.0,0.4,micro_f1,0.596222851746931,0.1173715029277814,3157,1359,2917,0.6990699734278122,0.5197563384919328,0.596222851746931,False,,,,,,
ScrawlD,2,Logistic stacker (nested cross-fitted),10.0,0.45,micro_f1,0.5917776491024899,0.11747351481829153,3066,1222,3008,0.715018656716418,0.5047744484688838,0.5917776491024899,False,,,,,,
ScrawlD,2,Logistic stacker (nested cross-fitted),10.0,0.5,micro_f1,0.5917776491024899,0.11747351481829153,3066,1222,3008,0.715018656716418,0.5047744484688838,0.5917776491024899,False,,,,,,
ScrawlD,2,Logistic stacker (nested cross-fitted),10.0,0.55,micro_f1,0.5917776491024899,0.11747351481829153,3066,1222,3008,0.715018656716418,0.5047744484688838,0.5917776491024899,False,,,,,,
ScrawlD,2,Logistic stacker (nested cross-fitted),10.0,0.6,micro_f1,0.5917776491024899,0.11747351481829153,3066,1222,3008,0.715018656716418,0.5047744484688838,0.5917776491024899,False,,,,,,
ScrawlD,2,Logistic stacker (nested cross-fitted),10.0,0.65,micro_f1,0.5838206627680312,0.11634456637855686,2995,1191,3079,0.7154801720019112,0.4930852815278235,0.5838206627680312,False,,,,,,
ScrawlD,2,Logistic stacker (nested cross-fitted),10.0,0.7,micro_f1,0.5761811023622048,0.11527025696563946,2927,1159,3147,0.7163485070974058,0.4818900230490616,0.5761811023622048,False,,,,,,
ScrawlD,2,Logistic stacker (nested cross-fitted),10.0,0.75,micro_f1,0.0036142598981435846,0.0009876986621172668,11,2,6063,0.8461538461538461,0.0018109976950938427,0.0036142598981435846,False,,,,,,
ScrawlD,2,Logistic stacker (nested cross-fitted),10.0,0.8,micro_f1,0.0019730351857941467,0.0005395926075812762,6,2,6068,0.75,0.0009878169245966415,0.0019730351857941467,False,,,,,,
ScrawlD,2,Logistic stacker (nested cross-fitted),10.0,0.85,micro_f1,0.0003291639236339697,9.010226607199171e-05,1,1,6073,0.5,0.00016463615409944023,0.0003291639236339697,False,,,,,,
ScrawlD,2,Logistic stacker (nested cross-fitted),10.0,0.9,micro_f1,0.0,0.0,0,0,6074,0.0,0.0,0.0,False,,,,,,
ScrawlD,2,Logistic stacker (nested cross-fitted),10.0,0.95,micro_f1,0.0,0.0,0,0,6074,0.0,0.0,0.0,False,,,,,,
ScrawlD,3,Prevalence-only (nested cross-fitted),,0.05,micro_f1,0.4902301705580394,0.2595191873513731,5921,12183,131,0.3270547945205479,0.978354263053536,0.4902301705580394,False,,,,,,
ScrawlD,3,Prevalence-only (nested cross-fitted),,0.1,micro_f1,0.4902301705580394,0.2595191873513731,5921,12183,131,0.3270547945205479,0.978354263053536,0.4902301705580394,False,,,,,,
ScrawlD,3,Prevalence-only (nested cross-fitted),,0.15,micro_f1,0.5499745287824758,0.22992351069687292,5398,8180,654,0.3975548681690971,0.8919365499008592,0.5499745287824758,False,,,,,,
ScrawlD,3,Prevalence-only (nested cross-fitted),,0.2,micro_f1,0.597854872881356,0.18328167037782794,4515,4537,1537,0.49878479893946087,0.7460343688037012,0.597854872881356,False,,,,,,
ScrawlD,3,Prevalence-only (nested cross-fitted),,0.25,micro_f1,0.597854872881356,0.18328167037782794,4515,4537,1537,0.49878479893946087,0.7460343688037012,0.597854872881356,True,,,,,,
ScrawlD,3,Prevalence-only (nested cross-fitted),,0.3,micro_f1,0.5976555114388353,0.1174896392796744,3161,1365,2891,0.6984091913389306,0.5223066754791804,0.5976555114388353,False,,,,,,
ScrawlD,3,Prevalence-only (nested cross-fitted),,0.35,micro_f1,0.5976555114388353,0.1174896392796744,3161,1365,2891,0.6984091913389306,0.5223066754791804,0.5976555114388353,False,,,,,,
ScrawlD,3,Prevalence-only (nested cross-fitted),,0.4,micro_f1,0.5976555114388353,0.1174896392796744,3161,1365,2891,0.6984091913389306,0.5223066754791804,0.5976555114388353,False,,,,,,
ScrawlD,3,Prevalence-only (nested cross-fitted),,0.45,micro_f1,0.5976555114388353,0.1174896392796744,3161,1365,2891,0.6984091913389306,0.5223066754791804,0.5976555114388353,False,,,,,,
ScrawlD,3,Prevalence-only (nested cross-fitted),,0.5,micro_f1,0.5976555114388353,0.1174896392796744,3161,1365,2891,0.6984091913389306,0.5223066754791804,0.5976555114388353,False,,,,,,
ScrawlD,3,Prevalence-only (nested cross-fitted),,0.55,micro_f1,0.5976555114388353,0.1174896392796744,3161,1365,2891,0.6984091913389306,0.5223066754791804,0.5976555114388353,False,,,,,,
ScrawlD,3,Prevalence-only (nested cross-fitted),,0.6,micro_f1,0.5976555114388353,0.1174896392796744,3161,1365,2891,0.6984091913389306,0.5223066754791804,0.5976555114388353,False,,,,,,
ScrawlD,3,Prevalence-only (nested cross-fitted),,0.65,micro_f1,0.5976555114388353,0.1174896392796744,3161,1365,2891,0.6984091913389306,0.5223066754791804,0.5976555114388353,False,,,,,,
ScrawlD,3,Prevalence-only (nested cross-fitted),,0.7,micro_f1,0.0,0.0,0,0,6052,0.0,0.0,0.0,False,,,,,,
ScrawlD,3,Prevalence-only (nested cross-fitted),,0.75,micro_f1,0.0,0.0,0,0,6052,0.0,0.0,0.0,False,,,,,,
ScrawlD,3,Prevalence-only (nested cross-fitted),,0.8,micro_f1,0.0,0.0,0,0,6052,0.0,0.0,0.0,False,,,,,,
ScrawlD,3,Prevalence-only (nested cross-fitted),,0.85,micro_f1,0.0,0.0,0,0,6052,0.0,0.0,0.0,False,,,,,,
ScrawlD,3,Prevalence-only (nested cross-fitted),,0.9,micro_f1,0.0,0.0,0,0,6052,0.0,0.0,0.0,False,,,,,,
ScrawlD,3,Prevalence-only (nested cross-fitted),,0.95,micro_f1,0.0,0.0,0,0,6052,0.0,0.0,0.0,False,,,,,,
ScrawlD,3,Logistic stacker (nested cross-fitted),0.01,0.05,micro_f1,0.4902301705580394,0.2595191873513731,5921,12183,131,0.3270547945205479,0.978354263053536,0.4902301705580394,False,,,,,,
ScrawlD,3,Logistic stacker (nested cross-fitted),0.01,0.1,micro_f1,0.4902301705580394,0.2595191873513731,5921,12183,131,0.3270547945205479,0.978354263053536,0.4902301705580394,False,,,,,,
ScrawlD,3,Logistic stacker (nested cross-fitted),0.01,0.15,micro_f1,0.5475724255660993,0.249323863430559,5453,8412,599,0.3932924630364226,0.9010244547257105,0.5475724255660993,False,,,,,,
ScrawlD,3,Logistic stacker (nested cross-fitted),0.01,0.2,micro_f1,0.5944899670946513,0.203849521931595,4607,4840,1445,0.4876680427648989,0.7612359550561798,0.5944899670946513,False,,,,,,
ScrawlD,3,Logistic stacker (nested cross-fitted),0.01,0.25,micro_f1,0.597854872881356,0.18328167037782794,4515,4537,1537,0.49878479893946087,0.7460343688037012,0.597854872881356,False,,,,,,
ScrawlD,3,Logistic stacker (nested cross-fitted),0.01,0.3,micro_f1,0.5976168652612283,0.13426645676823565,3260,1598,2792,0.6710580485796624,0.5386649041639128,0.5976168652612283,False,,,,,,
ScrawlD,3,Logistic stacker (nested cross-fitted),0.01,0.35,micro_f1,0.5976555114388353,0.1174896392796744,3161,1365,2891,0.6984091913389306,0.5223066754791804,0.5976555114388353,False,,,,,,
ScrawlD,3,Logistic stacker (nested cross-fitted),0.01,0.4,micro_f1,0.5976555114388353,0.1174896392796744,3161,1365,2891,0.6984091913389306,0.5223066754791804,0.5976555114388353,False,,,,,,
ScrawlD,3,Logistic stacker (nested cross-fitted),0.01,0.45,micro_f1,0.5976555114388353,0.1174896392796744,3161,1365,2891,0.6984091913389306,0.5223066754791804,0.5976555114388353,False,,,,,,
ScrawlD,3,Logistic stacker (nested cross-fitted),0.01,0.5,micro_f1,0.5976555114388353,0.1174896392796744,3161,1365,2891,0.6984091913389306,0.5223066754791804,0.5976555114388353,False,,,,,,
ScrawlD,3,Logistic stacker (nested cross-fitted),0.01,0.55,micro_f1,0.5976555114388353,0.1174896392796744,3161,1365,2891,0.6984091913389306,0.5223066754791804,0.5976555114388353,False,,,,,,
ScrawlD,3,Logistic stacker (nested cross-fitted),0.01,0.6,micro_f1,0.5965742405602347,0.11732301049653837,3152,1363,2900,0.6981173864894795,0.5208195637805684,0.5965742405602347,False,,,,,,
ScrawlD,3,Logistic stacker (nested cross-fitted),0.01,0.65,micro_f1,0.5909003647533115,0.11683653134430337,3078,1288,2974,0.7049931287219423,0.508592200925314,0.5909003647533115,False,,,,,,
ScrawlD,3,Logistic stacker (nested cross-fitted),0.01,0.7,micro_f1,0.5690016988108324,0.11430980486629727,2847,1108,3205,0.7198482932996207,0.4704230006609385,0.5690016988108324,False,,,,,,
ScrawlD,3,Logistic stacker (nested cross-fitted),0.01,0.75,micro_f1,0.0,0.0,0,0,6052,0.0,0.0,0.0,False,,,,,,
ScrawlD,3,Logistic stacker (nested cross-fitted),0.01,0.8,micro_f1,0.0,0.0,0,0,6052,0.0,0.0,0.0,False,,,,,,
ScrawlD,3,Logistic stacker (nested cross-fitted),0.01,0.85,micro_f1,0.0,0.0,0,0,6052,0.0,0.0,0.0,False,,,,,,
ScrawlD,3,Logistic stacker (nested cross-fitted),0.01,0.9,micro_f1,0.0,0.0,0,0,6052,0.0,0.0,0.0,False,,,,,,
ScrawlD,3,Logistic stacker (nested cross-fitted),0.01,0.95,micro_f1,0.0,0.0,0,0,6052,0.0,0.0,0.0,False,,,,,,
ScrawlD,3,Logistic stacker (nested cross-fitted),0.1,0.05,micro_f1,0.4902301705580394,0.2595191873513731,5921,12183,131,0.3270547945205479,0.978354263053536,0.4902301705580394,False,,,,,,
ScrawlD,3,Logistic stacker (nested cross-fitted),0.1,0.1,micro_f1,0.5265102530944024,0.26382752416866634,5700,9900,352,0.36538461538461536,0.9418374091209517,0.5265102530944024,False,,,,,,
ScrawlD,3,Logistic stacker (nested cross-fitted),0.1,0.15,micro_f1,0.5465578989255869,0.2574346154396728,5494,8558,558,0.39097637346996866,0.9077990746860541,0.5465578989255869,False,,,,,,
ScrawlD,3,Logistic stacker (nested cross-fitted),0.1,0.2,micro_f1,0.5937278639963939,0.2040330902118166,4610,4867,1442,0.4864408568112272,0.7617316589557172,0.5937278639963939,False,,,,,,
ScrawlD,3,Logistic stacker (nested cross-fitted),0.1,0.25,micro_f1,0.5978138456442531,0.18323653078027055,4512,4531,1540,0.49894946367355963,0.7455386649041639,0.5978138456442531,False,,,,,,
ScrawlD,3,Logistic stacker (nested cross-fitted),0.1,0.3,micro_f1,0.5976716472637272,0.13427641333647813,3260,1597,2792,0.6711962116532839,0.5386649041639128,0.5976716472637272,False,,,,,,
ScrawlD,3,Logistic stacker (nested cross-fitted),0.1,0.35,micro_f1,0.5976555114388353,0.1174896392796744,3161,1365,2891,0.6984091913389306,0.5223066754791804,0.5976555114388353,False,,,,,,
ScrawlD,3,Logistic stacker (nested cross-fitted),0.1,0.4,micro_f1,0.5965742405602347,0.11732301049653837,3152,1363,2900,0.6981173864894795,0.5208195637805684,0.5965742405602347,False,,,,,,
ScrawlD,3,Logistic stacker (nested cross-fitted),0.1,0.45,micro_f1,0.5954140610195187,0.11714919557800936,3142,1360,2910,0.6979120390937361,0.5191672174487773,0.5954140610195187,False,,,,,,
ScrawlD,3,Logistic stacker (nested cross-fitted),0.1,0.5,micro_f1,0.5910006715916722,0.1168348380244291,3080,1291,2972,0.704644246167925,0.5089226701916721,0.5910006715916722,False,,,,,,
ScrawlD,3,Logistic stacker (nested cross-fitted),0.1,0.55,micro_f1,0.5909003647533115,0.11683653134430337,3078,1288,2974,0.7049931287219423,0.508592200925314,0.5909003647533115,False,,,,,,
ScrawlD,3,Logistic stacker (nested cross-fitted),0.1,0.6,micro_f1,0.5913884857281083,0.1172948491594381,3056,1227,2996,0.7135185617557787,0.5049570389953735,0.5913884857281083,False,,,,,,
ScrawlD,3,Logistic stacker (nested cross-fitted),0.1,0.65,micro_f1,0.5838460787186248,0.11622210125204137,2989,1198,3063,0.7138762837353714,0.49388631857237275,0.5838460787186248,False,,,,,,
ScrawlD,3,Logistic stacker (nested cross-fitted),0.1,0.7,micro_f1,0.5692876411229894,0.11435796572070807,2849,1108,3203,0.719989891331817,0.4707534699272968,0.5692876411229894,False,,,,,,
ScrawlD,3,Logistic stacker (nested cross-fitted),0.1,0.75,micro_f1,0.0029693170570768723,0.0008109203946479254,9,1,6043,0.9,0.001487111698612029,0.0029693170570768723,False,,,,,,
ScrawlD,3,Logistic stacker (nested cross-fitted),0.1,0.8,micro_f1,0.0,0.0,0,0,6052,0.0,0.0,0.0,False,,,,,,
ScrawlD,3,Logistic stacker (nested cross-fitted),0.1,0.85,micro_f1,0.0,0.0,0,0,6052,0.0,0.0,0.0,False,,,,,,
ScrawlD,3,Logistic stacker (nested cross-fitted),0.1,0.9,micro_f1,0.0,0.0,0,0,6052,0.0,0.0,0.0,False,,,,,,
ScrawlD,3,Logistic stacker (nested cross-fitted),0.1,0.95,micro_f1,0.0,0.0,0,0,6052,0.0,0.0,0.0,False,,,,,,
ScrawlD,3,Logistic stacker (nested cross-fitted),1.0,0.05,micro_f1,0.4898684972293441,0.275845717963618,5923,12207,129,0.326696083838941,0.9786847323198943,0.4898684972293441,False,,,,,,
ScrawlD,3,Logistic stacker (nested cross-fitted),1.0,0.1,micro_f1,0.5271532981774447,0.2640590287033587,5698,9868,354,0.3660542207375048,0.9415069398545935,0.5271532981774447,False,,,,,,
ScrawlD,3,Logistic stacker (nested cross-fitted),1.0,0.15,micro_f1,0.546713837261448,0.25681778922566495,5486,8531,566,0.39138189341513874,0.9064771976206213,0.546713837261448,False,,,,,,
ScrawlD,3,Logistic stacker (nested cross-fitted),1.0,0.2,micro_f1,0.5906814580031696,0.22342326364190962,4659,5064,1393,0.47917309472385067,0.7698281559814937,0.5906814580031696,False,,,,,,
ScrawlD,3,Logistic stacker (nested cross-fitted),1.0,0.25,micro_f1,0.5988182964880834,0.1834989853027214,4510,4501,1542,0.5004993896348907,0.7452081956378057,0.5988182964880834,True,,,,,,
ScrawlD,3,Logistic stacker (nested cross-fitted),1.0,0.3,micro_f1,0.5970881727466056,0.16403004091667833,3650,2524,2402,0.591188856494979,0.6031064111037674,0.5970881727466056,False,,,,,,
ScrawlD,3,Logistic stacker (nested cross-fitted),1.0,0.35,micro_f1,0.5965742405602347,0.11732301049653837,3152,1363,2900,0.6981173864894795,0.5208195637805684,0.5965742405602347,False,,,,,,
ScrawlD,3,Logistic stacker (nested cross-fitted),1.0,0.4,micro_f1,0.5954140610195187,0.11714919557800936,3142,1360,2910,0.6979120390937361,0.5191672174487773,0.5954140610195187,False,,,,,,
ScrawlD,3,Logistic stacker (nested cross-fitted),1.0,0.45,micro_f1,0.5910006715916722,0.1168348380244291,3080,1291,2972,0.704644246167925,0.5089226701916721,0.5910006715916722,False,,,,,,
ScrawlD,3,Logistic stacker (nested cross-fitted),1.0,0.5,micro_f1,0.5910006715916722,0.1168348380244291,3080,1291,2972,0.704644246167925,0.5089226701916721,0.5910006715916722,False,,,,,,
ScrawlD,3,Logistic stacker (nested cross-fitted),1.0,0.55,micro_f1,0.5913884857281083,0.1172948491594381,3056,1227,2996,0.7135185617557787,0.5049570389953735,0.5913884857281083,False,,,,,,
ScrawlD,3,Logistic stacker (nested cross-fitted),1.0,0.6,micro_f1,0.5913884857281083,0.1172948491594381,3056,1227,2996,0.7135185617557787,0.5049570389953735,0.5913884857281083,False,,,,,,
ScrawlD,3,Logistic stacker (nested cross-fitted),1.0,0.65,micro_f1,0.5838460787186248,0.11622210125204137,2989,1198,3063,0.7138762837353714,0.49388631857237275,0.5838460787186248,False,,,,,,
ScrawlD,3,Logistic stacker (nested cross-fitted),1.0,0.7,micro_f1,0.5692876411229894,0.11435796572070807,2849,1108,3203,0.719989891331817,0.4707534699272968,0.5692876411229894,False,,,,,,
ScrawlD,3,Logistic stacker (nested cross-fitted),1.0,0.75,micro_f1,0.006258234519104084,0.0017065612790227692,19,1,6033,0.95,0.0031394580304031725,0.006258234519104084,False,,,,,,
ScrawlD,3,Logistic stacker (nested cross-fitted),1.0,0.8,micro_f1,0.006258234519104084,0.0017065612790227692,19,1,6033,0.95,0.0031394580304031725,0.006258234519104084,False,,,,,,
ScrawlD,3,Logistic stacker (nested cross-fitted),1.0,0.85,micro_f1,0.0032986970146792016,0.0009007386056566384,10,1,6042,0.9090909090909091,0.0016523463317911435,0.0032986970146792016,False,,,,,,
ScrawlD,3,Logistic stacker (nested cross-fitted),1.0,0.9,micro_f1,0.001650709805216243,0.0004510803374080924,5,1,6047,0.8333333333333334,0.0008261731658955717,0.001650709805216243,False,,,,,,
ScrawlD,3,Logistic stacker (nested cross-fitted),1.0,0.95,micro_f1,0.0,0.0,0,0,6052,0.0,0.0,0.0,False,,,,,,
ScrawlD,3,Logistic stacker (nested cross-fitted),10.0,0.05,micro_f1,0.48881736403400183,0.2651516153580634,5923,12259,129,0.32576174238257616,0.9786847323198943,0.48881736403400183,False,,,,,,
ScrawlD,3,Logistic stacker (nested cross-fitted),10.0,0.1,micro_f1,0.5270026377898098,0.2640212229230172,5694,9863,358,0.3660088706048724,0.940846001321877,0.5270026377898098,False,,,,,,
ScrawlD,3,Logistic stacker (nested cross-fitted),10.0,0.15,micro_f1,0.5469318578336075,0.25691882867040805,5486,8523,566,0.3916053965308016,0.9064771976206213,0.5469318578336075,False,,,,,,
ScrawlD,3,Logistic stacker (nested cross-fitted),10.0,0.2,micro_f1,0.5907563557978824,0.2234458039156372,4659,5062,1393,0.4792716798683263,0.7698281559814937,0.5907563557978824,False,,,,,,
ScrawlD,3,Logistic stacker (nested cross-fitted),10.0,0.25,micro_f1,0.5988182964880834,0.1834989853027214,4510,4501,1542,0.5004993896348907,0.7452081956378057,0.5988182964880834,False,,,,,,
ScrawlD,3,Logistic stacker (nested cross-fitted),10.0,0.3,micro_f1,0.5968586387434555,0.17585783322545653,4047,3462,2005,0.5389532560926887,0.6687045604758758,0.5968586387434555,False,,,,,,
ScrawlD,3,Logistic stacker (nested cross-fitted),10.0,0.35,micro_f1,0.5965742405602347,0.11732301049653837,3152,1363,2900,0.6981173864894795,0.5208195637805684,0.5965742405602347,False,,,,,,
ScrawlD,3,Logistic stacker (nested cross-fitted),10.0,0.4,micro_f1,0.5910006715916722,0.1168348380244291,3080,1291,2972,0.704644246167925,0.5089226701916721,0.5910006715916722,False,,,,,,
ScrawlD,3,Logistic stacker (nested cross-fitted),10.0,0.45,micro_f1,0.5910006715916722,0.1168348380244291,3080,1291,2972,0.704644246167925,0.5089226701916721,0.5910006715916722,False,,,,,,
ScrawlD,3,Logistic stacker (nested cross-fitted),10.0,0.5,micro_f1,0.5909003647533115,0.11683653134430337,3078,1288,2974,0.7049931287219423,0.508592200925314,0.5909003647533115,False,,,,,,
ScrawlD,3,Logistic stacker (nested cross-fitted),10.0,0.55,micro_f1,0.5913884857281083,0.1172948491594381,3056,1227,2996,0.7135185617557787,0.5049570389953735,0.5913884857281083,False,,,,,,
ScrawlD,3,Logistic stacker (nested cross-fitted),10.0,0.6,micro_f1,0.5913884857281083,0.1172948491594381,3056,1227,2996,0.7135185617557787,0.5049570389953735,0.5913884857281083,False,,,,,,
ScrawlD,3,Logistic stacker (nested cross-fitted),10.0,0.65,micro_f1,0.5838460787186248,0.11622210125204137,2989,1198,3063,0.7138762837353714,0.49388631857237275,0.5838460787186248,False,,,,,,
ScrawlD,3,Logistic stacker (nested cross-fitted),10.0,0.7,micro_f1,0.5692876411229894,0.11435796572070807,2849,1108,3203,0.719989891331817,0.4707534699272968,0.5692876411229894,False,,,,,,
ScrawlD,3,Logistic stacker (nested cross-fitted),10.0,0.75,micro_f1,0.006258234519104084,0.0017065612790227692,19,1,6033,0.95,0.0031394580304031725,0.006258234519104084,False,,,,,,
ScrawlD,3,Logistic stacker (nested cross-fitted),10.0,0.8,micro_f1,0.006258234519104084,0.0017065612790227692,19,1,6033,0.95,0.0031394580304031725,0.006258234519104084,False,,,,,,
ScrawlD,3,Logistic stacker (nested cross-fitted),10.0,0.85,micro_f1,0.006258234519104084,0.0017065612790227692,19,1,6033,0.95,0.0031394580304031725,0.006258234519104084,False,,,,,,
ScrawlD,3,Logistic stacker (nested cross-fitted),10.0,0.9,micro_f1,0.0032986970146792016,0.0009007386056566384,10,1,6042,0.9090909090909091,0.0016523463317911435,0.0032986970146792016,False,,,,,,
ScrawlD,3,Logistic stacker (nested cross-fitted),10.0,0.95,micro_f1,0.001650709805216243,0.0004510803374080924,5,1,6047,0.8333333333333334,0.0008261731658955717,0.001650709805216243,False,,,,,,
ScrawlD,4,Prevalence-only (nested cross-fitted),,0.05,micro_f1,0.4901912093369754,0.25948677974568984,5922,12186,132,0.32703777335984097,0.9781962338949455,0.4901912093369754,False,,,,,,
ScrawlD,4,Prevalence-only (nested cross-fitted),,0.1,micro_f1,0.4901912093369754,0.25948677974568984,5922,12186,132,0.32703777335984097,0.9781962338949455,0.4901912093369754,False,,,,,,
ScrawlD,4,Prevalence-only (nested cross-fitted),,0.15,micro_f1,0.5500381970970206,0.22994769138307208,5400,8181,654,0.3976143141153082,0.8919722497522299,0.5500381970970206,False,,,,,,
ScrawlD,4,Prevalence-only (nested cross-fitted),,0.2,micro_f1,0.5979613449827905,0.1833144724762857,4517,4537,1537,0.49889551579412417,0.7461182689131153,0.5979613449827905,False,,,,,,
ScrawlD,4,Prevalence-only (nested cross-fitted),,0.25,micro_f1,0.5979613449827905,0.1833144724762857,4517,4537,1537,0.49889551579412417,0.7461182689131153,0.5979613449827905,True,,,,,,
ScrawlD,4,Prevalence-only (nested cross-fitted),,0.3,micro_f1,0.5976750779699461,0.1174962376679115,3162,1365,2892,0.6984758117958914,0.5222993062438057,0.5976750779699461,False,,,,,,
ScrawlD,4,Prevalence-only (nested cross-fitted),,0.35,micro_f1,0.5976750779699461,0.1174962376679115,3162,1365,2892,0.6984758117958914,0.5222993062438057,0.5976750779699461,False,,,,,,
ScrawlD,4,Prevalence-only (nested cross-fitted),,0.4,micro_f1,0.5976750779699461,0.1174962376679115,3162,1365,2892,0.6984758117958914,0.5222993062438057,0.5976750779699461,False,,,,,,
ScrawlD,4,Prevalence-only (nested cross-fitted),,0.45,micro_f1,0.5976750779699461,0.1174962376679115,3162,1365,2892,0.6984758117958914,0.5222993062438057,0.5976750779699461,False,,,,,,
ScrawlD,4,Prevalence-only (nested cross-fitted),,0.5,micro_f1,0.5976750779699461,0.1174962376679115,3162,1365,2892,0.6984758117958914,0.5222993062438057,0.5976750779699461,False,,,,,,
ScrawlD,4,Prevalence-only (nested cross-fitted),,0.55,micro_f1,0.5976750779699461,0.1174962376679115,3162,1365,2892,0.6984758117958914,0.5222993062438057,0.5976750779699461,False,,,,,,
ScrawlD,4,Prevalence-only (nested cross-fitted),,0.6,micro_f1,0.5976750779699461,0.1174962376679115,3162,1365,2892,0.6984758117958914,0.5222993062438057,0.5976750779699461,False,,,,,,
ScrawlD,4,Prevalence-only (nested cross-fitted),,0.65,micro_f1,0.5976750779699461,0.1174962376679115,3162,1365,2892,0.6984758117958914,0.5222993062438057,0.5976750779699461,False,,,,,,
ScrawlD,4,Prevalence-only (nested cross-fitted),,0.7,micro_f1,0.0,0.0,0,0,6054,0.0,0.0,0.0,False,,,,,,
ScrawlD,4,Prevalence-only (nested cross-fitted),,0.75,micro_f1,0.0,0.0,0,0,6054,0.0,0.0,0.0,False,,,,,,
ScrawlD,4,Prevalence-only (nested cross-fitted),,0.8,micro_f1,0.0,0.0,0,0,6054,0.0,0.0,0.0,False,,,,,,
ScrawlD,4,Prevalence-only (nested cross-fitted),,0.85,micro_f1,0.0,0.0,0,0,6054,0.0,0.0,0.0,False,,,,,,
ScrawlD,4,Prevalence-only (nested cross-fitted),,0.9,micro_f1,0.0,0.0,0,0,6054,0.0,0.0,0.0,False,,,,,,
ScrawlD,4,Prevalence-only (nested cross-fitted),,0.95,micro_f1,0.0,0.0,0,0,6054,0.0,0.0,0.0,False,,,,,,
ScrawlD,4,Logistic stacker (nested cross-fitted),0.01,0.05,micro_f1,0.4901912093369754,0.25948677974568984,5922,12186,132,0.32703777335984097,0.9781962338949455,0.4901912093369754,False,,,,,,
ScrawlD,4,Logistic stacker (nested cross-fitted),0.01,0.1,micro_f1,0.49025207997019743,0.2595043416293775,5922,12183,132,0.32709196354598175,0.9781962338949455,0.49025207997019743,False,,,,,,
ScrawlD,4,Logistic stacker (nested cross-fitted),0.01,0.15,micro_f1,0.5477719791248494,0.250280732575009,5458,8416,596,0.3933977223583682,0.9015526924347539,0.5477719791248494,False,,,,,,
ScrawlD,4,Logistic stacker (nested cross-fitted),0.01,0.2,micro_f1,0.5917965023847377,0.20921923438104764,4653,5018,1401,0.48112914900217146,0.7685827552031714,0.5917965023847377,False,,,,,,
ScrawlD,4,Logistic stacker (nested cross-fitted),0.01,0.25,micro_f1,0.5979613449827905,0.1833144724762857,4517,4537,1537,0.49889551579412417,0.7461182689131153,0.5979613449827905,False,,,,,,
ScrawlD,4,Logistic stacker (nested cross-fitted),0.01,0.3,micro_f1,0.6040183800342374,0.14647953413652565,3352,1693,2702,0.664420218037661,0.5536835150313842,0.6040183800342374,False,,,,,,
ScrawlD,4,Logistic stacker (nested cross-fitted),0.01,0.35,micro_f1,0.5976750779699461,0.1174962376679115,3162,1365,2892,0.6984758117958914,0.5222993062438057,0.5976750779699461,False,,,,,,
ScrawlD,4,Logistic stacker (nested cross-fitted),0.01,0.4,micro_f1,0.5976750779699461,0.1174962376679115,3162,1365,2892,0.6984758117958914,0.5222993062438057,0.5976750779699461,False,,,,,,
ScrawlD,4,Logistic stacker (nested cross-fitted),0.01,0.45,micro_f1,0.5976750779699461,0.1174962376679115,3162,1365,2892,0.6984758117958914,0.5222993062438057,0.5976750779699461,False,,,,,,
ScrawlD,4,Logistic stacker (nested cross-fitted),0.01,0.5,micro_f1,0.5976750779699461,0.1174962376679115,3162,1365,2892,0.6984758117958914,0.5222993062438057,0.5976750779699461,False,,,,,,
ScrawlD,4,Logistic stacker (nested cross-fitted),0.01,0.55,micro_f1,0.5976750779699461,0.1174962376679115,3162,1365,2892,0.6984758117958914,0.5222993062438057,0.5976750779699461,False,,,,,,
ScrawlD,4,Logistic stacker (nested cross-fitted),0.01,0.6,micro_f1,0.5960427908738047,0.11725049816563309,3148,1361,2906,0.6981592370813928,0.5199867855963,0.5960427908738047,False,,,,,,
ScrawlD,4,Logistic stacker (nested cross-fitted),0.01,0.65,micro_f1,0.5929152148664344,0.11762672811059907,3063,1215,2991,0.7159887798036466,0.5059464816650149,0.5929152148664344,False,,,,,,
ScrawlD,4,Logistic stacker (nested cross-fitted),0.01,0.7,micro_f1,0.5687981587110977,0.11435009153640333,2842,1097,3212,0.7215029195227215,0.4694416914436736,0.5687981587110977,False,,,,,,
ScrawlD,4,Logistic stacker (nested cross-fitted),0.01,0.75,micro_f1,0.0,0.0,0,0,6054,0.0,0.0,0.0,False,,,,,,
ScrawlD,4,Logistic stacker (nested cross-fitted),0.01,0.8,micro_f1,0.0,0.0,0,0,6054,0.0,0.0,0.0,False,,,,,,
ScrawlD,4,Logistic stacker (nested cross-fitted),0.01,0.85,micro_f1,0.0,0.0,0,0,6054,0.0,0.0,0.0,False,,,,,,
ScrawlD,4,Logistic stacker (nested cross-fitted),0.01,0.9,micro_f1,0.0,0.0,0,0,6054,0.0,0.0,0.0,False,,,,,,
ScrawlD,4,Logistic stacker (nested cross-fitted),0.01,0.95,micro_f1,0.0,0.0,0,0,6054,0.0,0.0,0.0,False,,,,,,
ScrawlD,4,Logistic stacker (nested cross-fitted),0.1,0.05,micro_f1,0.4901912093369754,0.25948677974568984,5922,12186,132,0.32703777335984097,0.9781962338949455,0.4901912093369754,False,,,,,,
ScrawlD,4,Logistic stacker (nested cross-fitted),0.1,0.1,micro_f1,0.5268360277136259,0.2640712343753577,5703,9893,351,0.36567068479097203,0.942021803766105,0.5268360277136259,False,,,,,,
ScrawlD,4,Logistic stacker (nested cross-fitted),0.1,0.15,micro_f1,0.5469379632854087,0.25799858785502117,5497,8550,557,0.39132910941838117,0.90799471423852,0.5469379632854087,False,,,,,,
ScrawlD,4,Logistic stacker (nested cross-fitted),0.1,0.2,micro_f1,0.5892418999685436,0.2206795704437013,4683,5158,1371,0.47586627375266743,0.7735381565906838,0.5892418999685436,False,,,,,,
ScrawlD,4,Logistic stacker (nested cross-fitted),0.1,0.25,micro_f1,0.5978807947019867,0.18325819107031435,4514,4532,1540,0.49900508512049524,0.7456227287743641,0.5978807947019867,False,,,,,,
ScrawlD,4,Logistic stacker (nested cross-fitted),0.1,0.3,micro_f1,0.6040183800342374,0.14647953413652565,3352,1693,2702,0.664420218037661,0.5536835150313842,0.6040183800342374,False,,,,,,
ScrawlD,4,Logistic stacker (nested cross-fitted),0.1,0.35,micro_f1,0.6014088372518526,0.138443032808255,3287,1590,2767,0.6739799056797211,0.5429468120251074,0.6014088372518526,False,,,,,,
ScrawlD,4,Logistic stacker (nested cross-fitted),0.1,0.4,micro_f1,0.5976750779699461,0.1174962376679115,3162,1365,2892,0.6984758117958914,0.5222993062438057,0.5976750779699461,False,,,,,,
ScrawlD,4,Logistic stacker (nested cross-fitted),0.1,0.45,micro_f1,0.5947955390334573,0.11730866843381647,3120,1317,2934,0.7031778228532792,0.5153617443012884,0.5947955390334573,False,,,,,,
ScrawlD,4,Logistic stacker (nested cross-fitted),0.1,0.5,micro_f1,0.5929152148664344,0.11762672811059907,3063,1215,2991,0.7159887798036466,0.5059464816650149,0.5929152148664344,False,,,,,,
ScrawlD,4,Logistic stacker (nested cross-fitted),0.1,0.55,micro_f1,0.5929152148664344,0.11762672811059907,3063,1215,2991,0.7159887798036466,0.5059464816650149,0.5929152148664344,False,,,,,,
ScrawlD,4,Logistic stacker (nested cross-fitted),0.1,0.6,micro_f1,0.5929152148664344,0.11762672811059907,3063,1215,2991,0.7159887798036466,0.5059464816650149,0.5929152148664344,False,,,,,,
ScrawlD,4,Logistic stacker (nested cross-fitted),0.1,0.65,micro_f1,0.5929152148664344,0.11762672811059907,3063,1215,2991,0.7159887798036466,0.5059464816650149,0.5929152148664344,False,,,,,,
ScrawlD,4,Logistic stacker (nested cross-fitted),0.1,0.7,micro_f1,0.5690845422711356,0.11439834275255929,2844,1097,3210,0.721644252727734,0.4697720515361744,0.5690845422711356,False,,,,,,
ScrawlD,4,Logistic stacker (nested cross-fitted),0.1,0.75,micro_f1,0.0013203498927215713,0.0003608642699264739,4,1,6050,0.8,0.0006607201850016518,0.0013203498927215713,False,,,,,,
ScrawlD,4,Logistic stacker (nested cross-fitted),0.1,0.8,micro_f1,0.0,0.0,0,0,6054,0.0,0.0,0.0,False,,,,,,
ScrawlD,4,Logistic stacker (nested cross-fitted),0.1,0.85,micro_f1,0.0,0.0,0,0,6054,0.0,0.0,0.0,False,,,,,,
ScrawlD,4,Logistic stacker (nested cross-fitted),0.1,0.9,micro_f1,0.0,0.0,0,0,6054,0.0,0.0,0.0,False,,,,,,
ScrawlD,4,Logistic stacker (nested cross-fitted),0.1,0.95,micro_f1,0.0,0.0,0,0,6054,0.0,0.0,0.0,False,,,,,,
ScrawlD,4,Logistic stacker (nested cross-fitted),1.0,0.05,micro_f1,0.4901758014477766,0.2660474168747428,5925,12196,129,0.32696871033607416,0.9786917740336968,0.4901758014477766,False,,,,,,
ScrawlD,4,Logistic stacker (nested cross-fitted),1.0,0.1,micro_f1,0.5271088513981974,0.26650274231527976,5702,9879,352,0.3659585392465182,0.9418566237198547,0.5271088513981974,False,,,,,,
ScrawlD,4,Logistic stacker (nested cross-fitted),1.0,0.15,micro_f1,0.547156657703416,0.25987565372497273,5494,8534,560,0.39164528086683775,0.9074991740997688,0.547156657703416,False,,,,,,
ScrawlD,4,Logistic stacker (nested cross-fitted),1.0,0.2,micro_f1,0.5867952522255193,0.23698287749859406,4746,5376,1308,0.46887966804979253,0.7839444995044599,0.5867952522255193,False,,,,,,
ScrawlD,4,Logistic stacker (nested cross-fitted),1.0,0.25,micro_f1,0.5968987132959419,0.1871647628941875,4523,4578,1531,0.49697835402703,0.7471093491906178,0.5968987132959419,False,,,,,,
ScrawlD,4,Logistic stacker (nested cross-fitted),1.0,0.3,micro_f1,0.6040014419610671,0.14637324301550508,3351,1691,2703,0.6646172153907179,0.5535183349851338,0.6040014419610671,False,,,,,,
ScrawlD,4,Logistic stacker (nested cross-fitted),1.0,0.35,micro_f1,0.6031574199368516,0.1462440455374636,3343,1688,2711,0.6644802226197575,0.5521968946151304,0.6031574199368516,False,,,,,,
ScrawlD,4,Logistic stacker (nested cross-fitted),1.0,0.4,micro_f1,0.5945223780895124,0.11730591801766178,3115,1310,2939,0.703954802259887,0.5145358440700364,0.5945223780895124,False,,,,,,
ScrawlD,4,Logistic stacker (nested cross-fitted),1.0,0.45,micro_f1,0.5929152148664344,0.11762672811059907,3063,1215,2991,0.7159887798036466,0.5059464816650149,0.5929152148664344,False,,,,,,
ScrawlD,4,Logistic stacker (nested cross-fitted),1.0,0.5,micro_f1,0.5929152148664344,0.11762672811059907,3063,1215,2991,0.7159887798036466,0.5059464816650149,0.5929152148664344,False,,,,,,
ScrawlD,4,Logistic stacker (nested cross-fitted),1.0,0.55,micro_f1,0.5929152148664344,0.11762672811059907,3063,1215,2991,0.7159887798036466,0.5059464816650149,0.5929152148664344,False,,,,,,
ScrawlD,4,Logistic stacker (nested cross-fitted),1.0,0.6,micro_f1,0.5929152148664344,0.11762672811059907,3063,1215,2991,0.7159887798036466,0.5059464816650149,0.5929152148664344,False,,,,,,
ScrawlD,4,Logistic stacker (nested cross-fitted),1.0,0.65,micro_f1,0.5929152148664344,0.11762672811059907,3063,1215,2991,0.7159887798036466,0.5059464816650149,0.5929152148664344,False,,,,,,
ScrawlD,4,Logistic stacker (nested cross-fitted),1.0,0.7,micro_f1,0.5690845422711356,0.11439834275255929,2844,1097,3210,0.721644252727734,0.4697720515361744,0.5690845422711356,False,,,,,,
ScrawlD,4,Logistic stacker (nested cross-fitted),1.0,0.75,micro_f1,0.005926901547579849,0.0016162341743737093,18,2,6036,0.9,0.002973240832507433,0.005926901547579849,False,,,,,,
ScrawlD,4,Logistic stacker (nested cross-fitted),1.0,0.8,micro_f1,0.005926901547579849,0.0016162341743737093,18,2,6036,0.9,0.002973240832507433,0.005926901547579849,False,,,,,,
ScrawlD,4,Logistic stacker (nested cross-fitted),1.0,0.85,micro_f1,0.0013203498927215713,0.0003608642699264739,4,1,6050,0.8,0.0006607201850016518,0.0013203498927215713,False,,,,,,
ScrawlD,4,Logistic stacker (nested cross-fitted),1.0,0.9,micro_f1,0.0,0.0,0,0,6054,0.0,0.0,0.0,False,,,,,,
ScrawlD,4,Logistic stacker (nested cross-fitted),1.0,0.95,micro_f1,0.0,0.0,0,0,6054,0.0,0.0,0.0,False,,,,,,
ScrawlD,4,Logistic stacker (nested cross-fitted),10.0,0.05,micro_f1,0.4902755938094844,0.26418818237879205,5924,12188,130,0.32707597173144876,0.9785265939874463,0.4902755938094844,False,,,,,,
ScrawlD,4,Logistic stacker (nested cross-fitted),10.0,0.1,micro_f1,0.5272794525614943,0.26880788209831025,5702,9872,352,0.3661230255554129,0.9418566237198547,0.5272794525614943,False,,,,,,
ScrawlD,4,Logistic stacker (nested cross-fitted),10.0,0.15,micro_f1,0.547112462006079,0.25743166826384356,5490,8525,564,0.3917231537638245,0.9068384539147671,0.547112462006079,False,,,,,,
ScrawlD,4,Logistic stacker (nested cross-fitted),10.0,0.2,micro_f1,0.5868019048797081,0.2369752052968989,4744,5371,1310,0.4690064260998517,0.783614139411959,0.5868019048797081,False,,,,,,
ScrawlD,4,Logistic stacker (nested cross-fitted),10.0,0.25,micro_f1,0.5968987132959419,0.1871647628941875,4523,4578,1531,0.49697835402703,0.7471093491906178,0.5968987132959419,False,,,,,,
ScrawlD,4,Logistic stacker (nested cross-fitted),10.0,0.3,micro_f1,0.6040558810274899,0.14638869352665948,3351,1690,2703,0.6647490577266415,0.5535183349851338,0.6040558810274899,True,,,,,,
ScrawlD,4,Logistic stacker (nested cross-fitted),10.0,0.35,micro_f1,0.6025097047937167,0.14614295402438107,3337,1686,2717,0.6643440175194107,0.551205814337628,0.6025097047937167,False,,,,,,
ScrawlD,4,Logistic stacker (nested cross-fitted),10.0,0.4,micro_f1,0.5945223780895124,0.11730591801766178,3115,1310,2939,0.703954802259887,0.5145358440700364,0.5945223780895124,False,,,,,,
ScrawlD,4,Logistic stacker (nested cross-fitted),10.0,0.45,micro_f1,0.5929152148664344,0.11762672811059907,3063,1215,2991,0.7159887798036466,0.5059464816650149,0.5929152148664344,False,,,,,,
ScrawlD,4,Logistic stacker (nested cross-fitted),10.0,0.5,micro_f1,0.5929152148664344,0.11762672811059907,3063,1215,2991,0.7159887798036466,0.5059464816650149,0.5929152148664344,False,,,,,,
ScrawlD,4,Logistic stacker (nested cross-fitted),10.0,0.55,micro_f1,0.5929152148664344,0.11762672811059907,3063,1215,2991,0.7159887798036466,0.5059464816650149,0.5929152148664344,False,,,,,,
ScrawlD,4,Logistic stacker (nested cross-fitted),10.0,0.6,micro_f1,0.5929152148664344,0.11762672811059907,3063,1215,2991,0.7159887798036466,0.5059464816650149,0.5929152148664344,False,,,,,,
ScrawlD,4,Logistic stacker (nested cross-fitted),10.0,0.65,micro_f1,0.5929152148664344,0.11762672811059907,3063,1215,2991,0.7159887798036466,0.5059464816650149,0.5929152148664344,False,,,,,,
ScrawlD,4,Logistic stacker (nested cross-fitted),10.0,0.7,micro_f1,0.5690845422711356,0.11439834275255929,2844,1097,3210,0.721644252727734,0.4697720515361744,0.5690845422711356,False,,,,,,
ScrawlD,4,Logistic stacker (nested cross-fitted),10.0,0.75,micro_f1,0.005926901547579849,0.0016162341743737093,18,2,6036,0.9,0.002973240832507433,0.005926901547579849,False,,,,,,
ScrawlD,4,Logistic stacker (nested cross-fitted),10.0,0.8,micro_f1,0.005926901547579849,0.0016162341743737093,18,2,6036,0.9,0.002973240832507433,0.005926901547579849,False,,,,,,
ScrawlD,4,Logistic stacker (nested cross-fitted),10.0,0.85,micro_f1,0.005926901547579849,0.0016162341743737093,18,2,6036,0.9,0.002973240832507433,0.005926901547579849,False,,,,,,
ScrawlD,4,Logistic stacker (nested cross-fitted),10.0,0.9,micro_f1,0.0013203498927215713,0.0003608642699264739,4,1,6050,0.8,0.0006607201850016518,0.0013203498927215713,False,,,,,,
ScrawlD,4,Logistic stacker (nested cross-fitted),10.0,0.95,micro_f1,0.0,0.0,0,0,6054,0.0,0.0,0.0,False,,,,,,
BCCC,0,Prevalence-only (nested cross-fitted),,0.05,balanced_accuracy,0.5,,7804,7805,0,0.4999679671984112,1.0,0.6666381924571819,False,0,0.0,1.0,0.4999679671984112,0.5,0.0
BCCC,0,Prevalence-only (nested cross-fitted),,0.1,balanced_accuracy,0.5,,7804,7805,0,0.4999679671984112,1.0,0.6666381924571819,False,0,0.0,1.0,0.4999679671984112,0.5,0.0
BCCC,0,Prevalence-only (nested cross-fitted),,0.15,balanced_accuracy,0.5,,7804,7805,0,0.4999679671984112,1.0,0.6666381924571819,False,0,0.0,1.0,0.4999679671984112,0.5,0.0
BCCC,0,Prevalence-only (nested cross-fitted),,0.2,balanced_accuracy,0.5,,7804,7805,0,0.4999679671984112,1.0,0.6666381924571819,False,0,0.0,1.0,0.4999679671984112,0.5,0.0
BCCC,0,Prevalence-only (nested cross-fitted),,0.25,balanced_accuracy,0.5,,7804,7805,0,0.4999679671984112,1.0,0.6666381924571819,False,0,0.0,1.0,0.4999679671984112,0.5,0.0
BCCC,0,Prevalence-only (nested cross-fitted),,0.3,balanced_accuracy,0.5,,7804,7805,0,0.4999679671984112,1.0,0.6666381924571819,False,0,0.0,1.0,0.4999679671984112,0.5,0.0
BCCC,0,Prevalence-only (nested cross-fitted),,0.35,balanced_accuracy,0.5,,7804,7805,0,0.4999679671984112,1.0,0.6666381924571819,False,0,0.0,1.0,0.4999679671984112,0.5,0.0
BCCC,0,Prevalence-only (nested cross-fitted),,0.4,balanced_accuracy,0.5,,7804,7805,0,0.4999679671984112,1.0,0.6666381924571819,False,0,0.0,1.0,0.4999679671984112,0.5,0.0
BCCC,0,Prevalence-only (nested cross-fitted),,0.45,balanced_accuracy,0.5,,7804,7805,0,0.4999679671984112,1.0,0.6666381924571819,False,0,0.0,1.0,0.4999679671984112,0.5,0.0
BCCC,0,Prevalence-only (nested cross-fitted),,0.5,balanced_accuracy,0.49995728959770624,,2601,2602,5203,0.4999039015952335,0.3332906201947719,0.3999384946567233,False,5203,0.6666239590006406,0.33337604099935936,0.4999679671984112,0.49995728959770624,-9.060244508138543e-05
BCCC,0,Prevalence-only (nested cross-fitted),,0.55,balanced_accuracy,0.5,,0,0,7804,0.0,0.0,0.0,False,7805,1.0,0.0,0.5000320328015888,0.5,0.0
BCCC,0,Prevalence-only (nested cross-fitted),,0.6,balanced_accuracy,0.5,,0,0,7804,0.0,0.0,0.0,False,7805,1.0,0.0,0.5000320328015888,0.5,0.0
BCCC,0,Prevalence-only (nested cross-fitted),,0.65,balanced_accuracy,0.5,,0,0,7804,0.0,0.0,0.0,False,7805,1.0,0.0,0.5000320328015888,0.5,0.0
BCCC,0,Prevalence-only (nested cross-fitted),,0.7,balanced_accuracy,0.5,,0,0,7804,0.0,0.0,0.0,False,7805,1.0,0.0,0.5000320328015888,0.5,0.0
BCCC,0,Prevalence-only (nested cross-fitted),,0.75,balanced_accuracy,0.5,,0,0,7804,0.0,0.0,0.0,False,7805,1.0,0.0,0.5000320328015888,0.5,0.0
BCCC,0,Prevalence-only (nested cross-fitted),,0.8,balanced_accuracy,0.5,,0,0,7804,0.0,0.0,0.0,False,7805,1.0,0.0,0.5000320328015888,0.5,0.0
BCCC,0,Prevalence-only (nested cross-fitted),,0.85,balanced_accuracy,0.5,,0,0,7804,0.0,0.0,0.0,False,7805,1.0,0.0,0.5000320328015888,0.5,0.0
BCCC,0,Prevalence-only (nested cross-fitted),,0.9,balanced_accuracy,0.5,,0,0,7804,0.0,0.0,0.0,False,7805,1.0,0.0,0.5000320328015888,0.5,0.0
BCCC,0,Prevalence-only (nested cross-fitted),,0.95,balanced_accuracy,0.5,,0,0,7804,0.0,0.0,0.0,True,7805,1.0,0.0,0.5000320328015888,0.5,0.0
BCCC,0,Logistic stacker (nested cross-fitted),0.01,0.05,balanced_accuracy,0.5,,7804,7805,0,0.4999679671984112,1.0,0.6666381924571819,False,0,0.0,1.0,0.4999679671984112,0.5,0.0
BCCC,0,Logistic stacker (nested cross-fitted),0.01,0.1,balanced_accuracy,0.5,,7804,7805,0,0.4999679671984112,1.0,0.6666381924571819,False,0,0.0,1.0,0.4999679671984112,0.5,0.0
BCCC,0,Logistic stacker (nested cross-fitted),0.01,0.15,balanced_accuracy,0.5,,7804,7805,0,0.4999679671984112,1.0,0.6666381924571819,False,0,0.0,1.0,0.4999679671984112,0.5,0.0
BCCC,0,Logistic stacker (nested cross-fitted),0.01,0.2,balanced_accuracy,0.5,,7804,7805,0,0.4999679671984112,1.0,0.6666381924571819,False,0,0.0,1.0,0.4999679671984112,0.5,0.0
BCCC,0,Logistic stacker (nested cross-fitted),0.01,0.25,balanced_accuracy,0.5,,7804,7805,0,0.4999679671984112,1.0,0.6666381924571819,False,0,0.0,1.0,0.4999679671984112,0.5,0.0
BCCC,0,Logistic stacker (nested cross-fitted),0.01,0.3,balanced_accuracy,0.5,,7804,7805,0,0.4999679671984112,1.0,0.6666381924571819,False,0,0.0,1.0,0.4999679671984112,0.5,0.0
BCCC,0,Logistic stacker (nested cross-fitted),0.01,0.35,balanced_accuracy,0.5,,7804,7805,0,0.4999679671984112,1.0,0.6666381924571819,False,0,0.0,1.0,0.4999679671984112,0.5,0.0
BCCC,0,Logistic stacker (nested cross-fitted),0.01,0.4,balanced_accuracy,0.5,,7804,7805,0,0.4999679671984112,1.0,0.6666381924571819,False,0,0.0,1.0,0.4999679671984112,0.5,0.0
BCCC,0,Logistic stacker (nested cross-fitted),0.01,0.45,balanced_accuracy,0.5137035377642701,,7119,6906,685,0.5075935828877005,0.9122245002562789,0.6522515919190068,False,899,0.11518257527226138,0.8848174247277386,0.5136780062784291,0.5137035377642701,0.045381490650326456
BCCC,0,Logistic stacker (nested cross-fitted),0.01,0.5,balanced_accuracy,0.5200418337021275,,6657,6345,1147,0.5119981541301338,0.8530240902101487,0.6399115639719312,False,1460,0.18705957719410635,0.8129404228058936,0.5200205009930169,0.5200418337021275,0.05373248641055453
BCCC,0,Logistic stacker (nested cross-fitted),0.01,0.55,balanced_accuracy,0.5,,0,0,7804,0.0,0.0,0.0,False,7805,1.0,0.0,0.5000320328015888,0.5,0.0
BCCC,0,Logistic stacker (nested cross-fitted),0.01,0.6,balanced_accuracy,0.5,,0,0,7804,0.0,0.0,0.0,False,7805,1.0,0.0,0.5000320328015888,0.5,0.0
BCCC,0,Logistic stacker (nested cross-fitted),0.01,0.65,balanced_accuracy,0.5,,0,0,7804,0.0,0.0,0.0,False,7805,1.0,0.0,0.5000320328015888,0.5,0.0
BCCC,0,Logistic stacker (nested cross-fitted),0.01,0.7,balanced_accuracy,0.5,,0,0,7804,0.0,0.0,0.0,False,7805,1.0,0.0,0.5000320328015888,0.5,0.0
BCCC,0,Logistic stacker (nested cross-fitted),0.01,0.75,balanced_accuracy,0.5,,0,0,7804,0.0,0.0,0.0,False,7805,1.0,0.0,0.5000320328015888,0.5,0.0
BCCC,0,Logistic stacker (nested cross-fitted),0.01,0.8,balanced_accuracy,0.5,,0,0,7804,0.0,0.0,0.0,False,7805,1.0,0.0,0.5000320328015888,0.5,0.0
BCCC,0,Logistic stacker (nested cross-fitted),0.01,0.85,balanced_accuracy,0.5,,0,0,7804,0.0,0.0,0.0,False,7805,1.0,0.0,0.5000320328015888,0.5,0.0
BCCC,0,Logistic stacker (nested cross-fitted),0.01,0.9,balanced_accuracy,0.5,,0,0,7804,0.0,0.0,0.0,False,7805,1.0,0.0,0.5000320328015888,0.5,0.0
BCCC,0,Logistic stacker (nested cross-fitted),0.01,0.95,balanced_accuracy,0.5,,0,0,7804,0.0,0.0,0.0,False,7805,1.0,0.0,0.5000320328015888,0.5,0.0
BCCC,0,Logistic stacker (nested cross-fitted),0.1,0.05,balanced_accuracy,0.5,,7804,7805,0,0.4999679671984112,1.0,0.6666381924571819,False,0,0.0,1.0,0.4999679671984112,0.5,0.0
BCCC,0,Logistic stacker (nested cross-fitted),0.1,0.1,balanced_accuracy,0.5,,7804,7805,0,0.4999679671984112,1.0,0.6666381924571819,False,0,0.0,1.0,0.4999679671984112,0.5,0.0
BCCC,0,Logistic stacker (nested cross-fitted),0.1,0.15,balanced_accuracy,0.5,,7804,7805,0,0.4999679671984112,1.0,0.6666381924571819,False,0,0.0,1.0,0.4999679671984112,0.5,0.0
BCCC,0,Logistic stacker (nested cross-fitted),0.1,0.2,balanced_accuracy,0.5,,7804,7805,0,0.4999679671984112,1.0,0.6666381924571819,False,0,0.0,1.0,0.4999679671984112,0.5,0.0
BCCC,0,Logistic stacker (nested cross-fitted),0.1,0.25,balanced_accuracy,0.5,,7804,7805,0,0.4999679671984112,1.0,0.6666381924571819,False,0,0.0,1.0,0.4999679671984112,0.5,0.0
BCCC,0,Logistic stacker (nested cross-fitted),0.1,0.3,balanced_accuracy,0.5,,7804,7805,0,0.4999679671984112,1.0,0.6666381924571819,False,0,0.0,1.0,0.4999679671984112,0.5,0.0
BCCC,0,Logistic stacker (nested cross-fitted),0.1,0.35,balanced_accuracy,0.5000640286638268,,7800,7800,4,0.5,0.9994874423372629,0.6665527260297385,False,5,0.0006406149903907751,0.9993593850096092,0.5000320328015888,0.5000640286638268,0.0026672637628779926
BCCC,0,Logistic stacker (nested cross-fitted),0.1,0.4,balanced_accuracy,0.5015373692624981,,7791,7768,13,0.5007391220515457,0.9983341875961046,0.6669520181483543,False,37,0.004740550928891736,0.9952594490711083,0.5015055416746749,0.5015373692624981,0.027206797919741923
BCCC,0,Logistic stacker (nested cross-fitted),0.1,0.45,balanced_accuracy,0.5213883236671941,,6803,6470,1001,0.5125442627891208,0.8717324449000513,0.6455377900080657,True,1335,0.17104420243433696,0.8289557975656631,0.5213658786597476,0.5213883236671941,0.05995575288248923
BCCC,0,Logistic stacker (nested cross-fitted),0.1,0.5,balanced_accuracy,0.5201048855183908,,6534,6221,1270,0.5122696981575853,0.8372629420809841,0.6356340288924559,False,1584,0.20294682895579758,0.7970531710442025,0.5200845665961945,0.5201048855183908,0.052012708333253395
BCCC,0,Logistic stacker (nested cross-fitted),0.1,0.55,balanced_accuracy,0.5,,0,0,7804,0.0,0.0,0.0,False,7805,1.0,0.0,0.5000320328015888,0.5,0.0
BCCC,0,Logistic stacker (nested cross-fitted),0.1,0.6,balanced_accuracy,0.5,,0,0,7804,0.0,0.0,0.0,False,7805,1.0,0.0,0.5000320328015888,0.5,0.0
BCCC,0,Logistic stacker (nested cross-fitted),0.1,0.65,balanced_accuracy,0.5,,0,0,7804,0.0,0.0,0.0,False,7805,1.0,0.0,0.5000320328015888,0.5,0.0
BCCC,0,Logistic stacker (nested cross-fitted),0.1,0.7,balanced_accuracy,0.5,,0,0,7804,0.0,0.0,0.0,False,7805,1.0,0.0,0.5000320328015888,0.5,0.0
BCCC,0,Logistic stacker (nested cross-fitted),0.1,0.75,balanced_accuracy,0.5,,0,0,7804,0.0,0.0,0.0,False,7805,1.0,0.0,0.5000320328015888,0.5,0.0
BCCC,0,Logistic stacker (nested cross-fitted),0.1,0.8,balanced_accuracy,0.5,,0,0,7804,0.0,0.0,0.0,False,7805,1.0,0.0,0.5000320328015888,0.5,0.0
BCCC,0,Logistic stacker (nested cross-fitted),0.1,0.85,balanced_accuracy,0.5,,0,0,7804,0.0,0.0,0.0,False,7805,1.0,0.0,0.5000320328015888,0.5,0.0
BCCC,0,Logistic stacker (nested cross-fitted),0.1,0.9,balanced_accuracy,0.5,,0,0,7804,0.0,0.0,0.0,False,7805,1.0,0.0,0.5000320328015888,0.5,0.0
BCCC,0,Logistic stacker (nested cross-fitted),0.1,0.95,balanced_accuracy,0.5,,0,0,7804,0.0,0.0,0.0,False,7805,1.0,0.0,0.5000320328015888,0.5,0.0
BCCC,0,Logistic stacker (nested cross-fitted),1.0,0.05,balanced_accuracy,0.5,,7804,7805,0,0.4999679671984112,1.0,0.6666381924571819,False,0,0.0,1.0,0.4999679671984112,0.5,0.0
BCCC,0,Logistic stacker (nested cross-fitted),1.0,0.1,balanced_accuracy,0.5,,7804,7805,0,0.4999679671984112,1.0,0.6666381924571819,False,0,0.0,1.0,0.4999679671984112,0.5,0.0
BCCC,0,Logistic stacker (nested cross-fitted),1.0,0.15,balanced_accuracy,0.5,,7804,7805,0,0.4999679671984112,1.0,0.6666381924571819,False,0,0.0,1.0,0.4999679671984112,0.5,0.0
BCCC,0,Logistic stacker (nested cross-fitted),1.0,0.2,balanced_accuracy,0.4999999671647878,,7800,7801,4,0.49996795077238637,0.9994874423372629,0.6665242469557787,False,4,0.0005124919923126201,0.9994875080076874,0.4999679671984112,0.4999999671647878,-1.4507537283391154e-06
BCCC,0,Logistic stacker (nested cross-fitted),1.0,0.25,balanced_accuracy,0.4999999671647878,,7800,7801,4,0.49996795077238637,0.9994874423372629,0.6665242469557787,False,4,0.0005124919923126201,0.9994875080076874,0.4999679671984112,0.4999999671647878,-1.4507537283391154e-06
BCCC,0,Logistic stacker (nested cross-fitted),1.0,0.3,balanced_accuracy,0.5007045944013993,,7794,7784,10,0.5003209654641161,0.9987186058431573,0.6666666666666666,False,21,0.0026905829596412557,0.9973094170403587,0.5006726888333654,0.5007045944013993,0.015826233575193454
BCCC,0,Logistic stacker (nested cross-fitted),1.0,0.35,balanced_accuracy,0.5015373692624981,,7791,7768,13,0.5007391220515457,0.9983341875961046,0.6669520181483543,False,37,0.004740550928891736,0.9952594490711083,0.5015055416746749,0.5015373692624981,0.027206797919741923
BCCC,0,Logistic stacker (nested cross-fitted),1.0,0.4,balanced_accuracy,0.5017936070498514,,7790,7763,14,0.5008679997428149,0.9982060481804202,0.6670377188851307,False,42,0.0053811659192825115,0.9946188340807175,0.5017618040873855,0.5017936070498514,0.029998620398972786
BCCC,0,Logistic stacker (nested cross-fitted),1.0,0.45,balanced_accuracy,0.5213883236671941,,6803,6470,1001,0.5125442627891208,0.8717324449000513,0.6455377900080657,False,1335,0.17104420243433696,0.8289557975656631,0.5213658786597476,0.5213883236671941,0.05995575288248923
BCCC,0,Logistic stacker (nested cross-fitted),1.0,0.5,balanced_accuracy,0.5201048855183908,,6534,6221,1270,0.5122696981575853,0.8372629420809841,0.6356340288924559,False,1584,0.20294682895579758,0.7970531710442025,0.5200845665961945,0.5201048855183908,0.052012708333253395
BCCC,0,Logistic stacker (nested cross-fitted),1.0,0.55,balanced_accuracy,0.5,,0,0,7804,0.0,0.0,0.0,False,7805,1.0,0.0,0.5000320328015888,0.5,0.0
BCCC,0,Logistic stacker (nested cross-fitted),1.0,0.6,balanced_accuracy,0.5,,0,0,7804,0.0,0.0,0.0,False,7805,1.0,0.0,0.5000320328015888,0.5,0.0
BCCC,0,Logistic stacker (nested cross-fitted),1.0,0.65,balanced_accuracy,0.5,,0,0,7804,0.0,0.0,0.0,False,7805,1.0,0.0,0.5000320328015888,0.5,0.0
BCCC,0,Logistic stacker (nested cross-fitted),1.0,0.7,balanced_accuracy,0.5,,0,0,7804,0.0,0.0,0.0,False,7805,1.0,0.0,0.5000320328015888,0.5,0.0
BCCC,0,Logistic stacker (nested cross-fitted),1.0,0.75,balanced_accuracy,0.5,,0,0,7804,0.0,0.0,0.0,False,7805,1.0,0.0,0.5000320328015888,0.5,0.0
BCCC,0,Logistic stacker (nested cross-fitted),1.0,0.8,balanced_accuracy,0.5,,0,0,7804,0.0,0.0,0.0,False,7805,1.0,0.0,0.5000320328015888,0.5,0.0
BCCC,0,Logistic stacker (nested cross-fitted),1.0,0.85,balanced_accuracy,0.5,,0,0,7804,0.0,0.0,0.0,False,7805,1.0,0.0,0.5000320328015888,0.5,0.0
BCCC,0,Logistic stacker (nested cross-fitted),1.0,0.9,balanced_accuracy,0.5,,0,0,7804,0.0,0.0,0.0,False,7805,1.0,0.0,0.5000320328015888,0.5,0.0
BCCC,0,Logistic stacker (nested cross-fitted),1.0,0.95,balanced_accuracy,0.5,,0,0,7804,0.0,0.0,0.0,False,7805,1.0,0.0,0.5000320328015888,0.5,0.0
BCCC,0,Logistic stacker (nested cross-fitted),10.0,0.05,balanced_accuracy,0.5,,7804,7805,0,0.4999679671984112,1.0,0.6666381924571819,False,0,0.0,1.0,0.4999679671984112,0.5,0.0
BCCC,0,Logistic stacker (nested cross-fitted),10.0,0.1,balanced_accuracy,0.5,,7804,7805,0,0.4999679671984112,1.0,0.6666381924571819,False,0,0.0,1.0,0.4999679671984112,0.5,0.0
BCCC,0,Logistic stacker (nested cross-fitted),10.0,0.15,balanced_accuracy,0.5,,7804,7805,0,0.4999679671984112,1.0,0.6666381924571819,False,0,0.0,1.0,0.4999679671984112,0.5,0.0
BCCC,0,Logistic stacker (nested cross-fitted),10.0,0.2,balanced_accuracy,0.4999999671647878,,7800,7801,4,0.49996795077238637,0.9994874423372629,0.6665242469557787,False,4,0.0005124919923126201,0.9994875080076874,0.4999679671984112,0.4999999671647878,-1.4507537283391154e-06
BCCC,0,Logistic stacker (nested cross-fitted),10.0,0.25,balanced_accuracy,0.4999999507471816,,7798,7799,6,0.4999679425530551,0.9992311635058944,0.6664672449895304,False,6,0.0007687379884689302,0.9992312620115311,0.4999679671984112,0.4999999507471816,-1.777031012925331e-06
BCCC,0,Logistic stacker (nested cross-fitted),10.0,0.3,balanced_accuracy,0.5015373692624981,,7791,7768,13,0.5007391220515457,0.9983341875961046,0.6669520181483543,False,37,0.004740550928891736,0.9952594490711083,0.5015055416746749,0.5015373692624981,0.027206797919741923
BCCC,0,Logistic stacker (nested cross-fitted),10.0,0.35,balanced_accuracy,0.5016654922605763,,7791,7766,13,0.5008034968181526,0.9983341875961046,0.6670091177603699,False,39,0.004996796925048046,0.9950032030749519,0.5016336728810302,0.5016654922605763,0.028903677374206446
BCCC,0,Logistic stacker (nested cross-fitted),10.0,0.4,balanced_accuracy,0.5017936070498514,,7790,7763,14,0.5008679997428149,0.9982060481804202,0.6670377188851307,False,42,0.0053811659192825115,0.9946188340807175,0.5017618040873855,0.5017936070498514,0.029998620398972786
BCCC,0,Logistic stacker (nested cross-fitted),10.0,0.45,balanced_accuracy,0.5213883236671941,,6803,6470,1001,0.5125442627891208,0.8717324449000513,0.6455377900080657,False,1335,0.17104420243433696,0.8289557975656631,0.5213658786597476,0.5213883236671941,0.05995575288248923
BCCC,0,Logistic stacker (nested cross-fitted),10.0,0.5,balanced_accuracy,0.5201048855183908,,6534,6221,1270,0.5122696981575853,0.8372629420809841,0.6356340288924559,False,1584,0.20294682895579758,0.7970531710442025,0.5200845665961945,0.5201048855183908,0.052012708333253395
BCCC,0,Logistic stacker (nested cross-fitted),10.0,0.55,balanced_accuracy,0.5,,0,0,7804,0.0,0.0,0.0,False,7805,1.0,0.0,0.5000320328015888,0.5,0.0
BCCC,0,Logistic stacker (nested cross-fitted),10.0,0.6,balanced_accuracy,0.5,,0,0,7804,0.0,0.0,0.0,False,7805,1.0,0.0,0.5000320328015888,0.5,0.0
BCCC,0,Logistic stacker (nested cross-fitted),10.0,0.65,balanced_accuracy,0.5,,0,0,7804,0.0,0.0,0.0,False,7805,1.0,0.0,0.5000320328015888,0.5,0.0
BCCC,0,Logistic stacker (nested cross-fitted),10.0,0.7,balanced_accuracy,0.5,,0,0,7804,0.0,0.0,0.0,False,7805,1.0,0.0,0.5000320328015888,0.5,0.0
BCCC,0,Logistic stacker (nested cross-fitted),10.0,0.75,balanced_accuracy,0.5,,0,0,7804,0.0,0.0,0.0,False,7805,1.0,0.0,0.5000320328015888,0.5,0.0
BCCC,0,Logistic stacker (nested cross-fitted),10.0,0.8,balanced_accuracy,0.5,,0,0,7804,0.0,0.0,0.0,False,7805,1.0,0.0,0.5000320328015888,0.5,0.0
BCCC,0,Logistic stacker (nested cross-fitted),10.0,0.85,balanced_accuracy,0.5,,0,0,7804,0.0,0.0,0.0,False,7805,1.0,0.0,0.5000320328015888,0.5,0.0
BCCC,0,Logistic stacker (nested cross-fitted),10.0,0.9,balanced_accuracy,0.5,,0,0,7804,0.0,0.0,0.0,False,7805,1.0,0.0,0.5000320328015888,0.5,0.0
BCCC,0,Logistic stacker (nested cross-fitted),10.0,0.95,balanced_accuracy,0.5,,0,0,7804,0.0,0.0,0.0,False,7805,1.0,0.0,0.5000320328015888,0.5,0.0
BCCC,1,Prevalence-only (nested cross-fitted),,0.05,balanced_accuracy,0.5,,7805,7805,0,0.5,1.0,0.6666666666666666,False,0,0.0,1.0,0.5,0.5,0.0
BCCC,1,Prevalence-only (nested cross-fitted),,0.1,balanced_accuracy,0.5,,7805,7805,0,0.5,1.0,0.6666666666666666,False,0,0.0,1.0,0.5,0.5,0.0
BCCC,1,Prevalence-only (nested cross-fitted),,0.15,balanced_accuracy,0.5,,7805,7805,0,0.5,1.0,0.6666666666666666,False,0,0.0,1.0,0.5,0.5,0.0
BCCC,1,Prevalence-only (nested cross-fitted),,0.2,balanced_accuracy,0.5,,7805,7805,0,0.5,1.0,0.6666666666666666,False,0,0.0,1.0,0.5,0.5,0.0
BCCC,1,Prevalence-only (nested cross-fitted),,0.25,balanced_accuracy,0.5,,7805,7805,0,0.5,1.0,0.6666666666666666,False,0,0.0,1.0,0.5,0.5,0.0
BCCC,1,Prevalence-only (nested cross-fitted),,0.3,balanced_accuracy,0.5,,7805,7805,0,0.5,1.0,0.6666666666666666,False,0,0.0,1.0,0.5,0.5,0.0
BCCC,1,Prevalence-only (nested cross-fitted),,0.35,balanced_accuracy,0.5,,7805,7805,0,0.5,1.0,0.6666666666666666,False,0,0.0,1.0,0.5,0.5,0.0
BCCC,1,Prevalence-only (nested cross-fitted),,0.4,balanced_accuracy,0.5,,7805,7805,0,0.5,1.0,0.6666666666666666,False,0,0.0,1.0,0.5,0.5,0.0
BCCC,1,Prevalence-only (nested cross-fitted),,0.45,balanced_accuracy,0.5,,7805,7805,0,0.5,1.0,0.6666666666666666,False,0,0.0,1.0,0.5,0.5,0.0
BCCC,1,Prevalence-only (nested cross-fitted),,0.5,balanced_accuracy,0.5,,7805,7805,0,0.5,1.0,0.6666666666666666,False,0,0.0,1.0,0.5,0.5,0.0
BCCC,1,Prevalence-only (nested cross-fitted),,0.55,balanced_accuracy,0.5,,0,0,7805,0.0,0.0,0.0,False,7805,1.0,0.0,0.5,0.5,0.0
BCCC,1,Prevalence-only (nested cross-fitted),,0.6,balanced_accuracy,0.5,,0,0,7805,0.0,0.0,0.0,False,7805,1.0,0.0,0.5,0.5,0.0
BCCC,1,Prevalence-only (nested cross-fitted),,0.65,balanced_accuracy,0.5,,0,0,7805,0.0,0.0,0.0,False,7805,1.0,0.0,0.5,0.5,0.0
BCCC,1,Prevalence-only (nested cross-fitted),,0.7,balanced_accuracy,0.5,,0,0,7805,0.0,0.0,0.0,False,7805,1.0,0.0,0.5,0.5,0.0
BCCC,1,Prevalence-only (nested cross-fitted),,0.75,balanced_accuracy,0.5,,0,0,7805,0.0,0.0,0.0,False,7805,1.0,0.0,0.5,0.5,0.0
BCCC,1,Prevalence-only (nested cross-fitted),,0.8,balanced_accuracy,0.5,,0,0,7805,0.0,0.0,0.0,False,7805,1.0,0.0,0.5,0.5,0.0
BCCC,1,Prevalence-only (nested cross-fitted),,0.85,balanced_accuracy,0.5,,0,0,7805,0.0,0.0,0.0,False,7805,1.0,0.0,0.5,0.5,0.0
BCCC,1,Prevalence-only (nested cross-fitted),,0.9,balanced_accuracy,0.5,,0,0,7805,0.0,0.0,0.0,False,7805,1.0,0.0,0.5,0.5,0.0
BCCC,1,Prevalence-only (nested cross-fitted),,0.95,balanced_accuracy,0.5,,0,0,7805,0.0,0.0,0.0,True,7805,1.0,0.0,0.5,0.5,0.0
BCCC,1,Logistic stacker (nested cross-fitted),0.01,0.05,balanced_accuracy,0.5,,7805,7805,0,0.5,1.0,0.6666666666666666,False,0,0.0,1.0,0.5,0.5,0.0
BCCC,1,Logistic stacker (nested cross-fitted),0.01,0.1,balanced_accuracy,0.5,,7805,7805,0,0.5,1.0,0.6666666666666666,False,0,0.0,1.0,0.5,0.5,0.0
BCCC,1,Logistic stacker (nested cross-fitted),0.01,0.15,balanced_accuracy,0.5,,7805,7805,0,0.5,1.0,0.6666666666666666,False,0,0.0,1.0,0.5,0.5,0.0
BCCC,1,Logistic stacker (nested cross-fitted),0.01,0.2,balanced_accuracy,0.5,,7805,7805,0,0.5,1.0,0.6666666666666666,False,0,0.0,1.0,0.5,0.5,0.0
BCCC,1,Logistic stacker (nested cross-fitted),0.01,0.25,balanced_accuracy,0.5,,7805,7805,0,0.5,1.0,0.6666666666666666,False,0,0.0,1.0,0.5,0.5,0.0
BCCC,1,Logistic stacker (nested cross-fitted),0.01,0.3,balanced_accuracy,0.5,,7805,7805,0,0.5,1.0,0.6666666666666666,False,0,0.0,1.0,0.5,0.5,0.0
BCCC,1,Logistic stacker (nested cross-fitted),0.01,0.35,balanced_accuracy,0.5,,7805,7805,0,0.5,1.0,0.6666666666666666,False,0,0.0,1.0,0.5,0.5,0.0
BCCC,1,Logistic stacker (nested cross-fitted),0.01,0.4,balanced_accuracy,0.5,,7805,7805,0,0.5,1.0,0.6666666666666666,False,0,0.0,1.0,0.5,0.5,0.0
BCCC,1,Logistic stacker (nested cross-fitted),0.01,0.45,balanced_accuracy,0.5056374119154389,,7425,7337,380,0.5029806259314457,0.9513132607303011,0.6580405016174059,False,468,0.059961563100576556,0.9400384368994235,0.5056374119154389,0.5056374119154389,0.024872082267831275
BCCC,1,Logistic stacker (nested cross-fitted),0.01,0.5,balanced_accuracy,0.5170403587443946,,6634,6368,1171,0.5102291955083833,0.8499679692504805,0.6376700148988321,False,1437,0.18411274823830878,0.8158872517616912,0.5170403587443946,0.5170403587443946,0.045679649430669544
BCCC,1,Logistic stacker (nested cross-fitted),0.01,0.55,balanced_accuracy,0.5,,0,0,7805,0.0,0.0,0.0,False,7805,1.0,0.0,0.5,0.5,0.0
BCCC,1,Logistic stacker (nested cross-fitted),0.01,0.6,balanced_accuracy,0.5,,0,0,7805,0.0,0.0,0.0,False,7805,1.0,0.0,0.5,0.5,0.0
BCCC,1,Logistic stacker (nested cross-fitted),0.01,0.65,balanced_accuracy,0.5,,0,0,7805,0.0,0.0,0.0,False,7805,1.0,0.0,0.5,0.5,0.0
BCCC,1,Logistic stacker (nested cross-fitted),0.01,0.7,balanced_accuracy,0.5,,0,0,7805,0.0,0.0,0.0,False,7805,1.0,0.0,0.5,0.5,0.0
BCCC,1,Logistic stacker (nested cross-fitted),0.01,0.75,balanced_accuracy,0.5,,0,0,7805,0.0,0.0,0.0,False,7805,1.0,0.0,0.5,0.5,0.0
BCCC,1,Logistic stacker (nested cross-fitted),0.01,0.8,balanced_accuracy,0.5,,0,0,7805,0.0,0.0,0.0,False,7805,1.0,0.0,0.5,0.5,0.0
BCCC,1,Logistic stacker (nested cross-fitted),0.01,0.85,balanced_accuracy,0.5,,0,0,7805,0.0,0.0,0.0,False,7805,1.0,0.0,0.5,0.5,0.0
BCCC,1,Logistic stacker (nested cross-fitted),0.01,0.9,balanced_accuracy,0.5,,0,0,7805,0.0,0.0,0.0,False,7805,1.0,0.0,0.5,0.5,0.0
BCCC,1,Logistic stacker (nested cross-fitted),0.01,0.95,balanced_accuracy,0.5,,0,0,7805,0.0,0.0,0.0,False,7805,1.0,0.0,0.5,0.5,0.0
BCCC,1,Logistic stacker (nested cross-fitted),0.1,0.05,balanced_accuracy,0.5,,7805,7805,0,0.5,1.0,0.6666666666666666,False,0,0.0,1.0,0.5,0.5,0.0
BCCC,1,Logistic stacker (nested cross-fitted),0.1,0.1,balanced_accuracy,0.5,,7805,7805,0,0.5,1.0,0.6666666666666666,False,0,0.0,1.0,0.5,0.5,0.0
BCCC,1,Logistic stacker (nested cross-fitted),0.1,0.15,balanced_accuracy,0.5,,7805,7805,0,0.5,1.0,0.6666666666666666,False,0,0.0,1.0,0.5,0.5,0.0
BCCC,1,Logistic stacker (nested cross-fitted),0.1,0.2,balanced_accuracy,0.5,,7805,7805,0,0.5,1.0,0.6666666666666666,False,0,0.0,1.0,0.5,0.5,0.0
BCCC,1,Logistic stacker (nested cross-fitted),0.1,0.25,balanced_accuracy,0.5,,7805,7805,0,0.5,1.0,0.6666666666666666,False,0,0.0,1.0,0.5,0.5,0.0
BCCC,1,Logistic stacker (nested cross-fitted),0.1,0.3,balanced_accuracy,0.500064061499039,,7805,7804,0,0.5000320328015888,1.0,0.6666951396600325,False,1,0.00012812299807815503,0.9998718770019218,0.500064061499039,0.500064061499039,0.008004099148414762
BCCC,1,Logistic stacker (nested cross-fitted),0.1,0.35,balanced_accuracy,0.5019859064702114,,7797,7766,8,0.5009959519372872,0.9989750160153748,0.6673228346456693,False,39,0.004996796925048046,0.9950032030749519,0.5019859064702114,0.5019859064702114,0.03624650243194526
BCCC,1,Logistic stacker (nested cross-fitted),0.1,0.4,balanced_accuracy,0.5022421524663677,,7797,7762,8,0.5011247509480043,0.9989750160153748,0.66743708269132,False,43,0.005509288917360666,0.9944907110826393,0.5022421524663677,0.5022421524663677,0.039290912575128505
BCCC,1,Logistic stacker (nested cross-fitted),0.1,0.45,balanced_accuracy,0.5188981422165279,,6785,6490,1020,0.5111111111111111,0.8693145419602819,0.6437381404174574,True,1315,0.16848174247277387,0.8315182575272262,0.5188981422165279,0.5188981422165279,0.05298602116794662
BCCC,1,Logistic stacker (nested cross-fitted),0.1,0.5,balanced_accuracy,0.5170403587443946,,6634,6368,1171,0.5102291955083833,0.8499679692504805,0.6376700148988321,False,1437,0.18411274823830878,0.8158872517616912,0.5170403587443946,0.5170403587443946,0.045679649430669544
BCCC,1,Logistic stacker (nested cross-fitted),0.1,0.55,balanced_accuracy,0.5,,0,0,7805,0.0,0.0,0.0,False,7805,1.0,0.0,0.5,0.5,0.0
BCCC,1,Logistic stacker (nested cross-fitted),0.1,0.6,balanced_accuracy,0.5,,0,0,7805,0.0,0.0,0.0,False,7805,1.0,0.0,0.5,0.5,0.0
BCCC,1,Logistic stacker (nested cross-fitted),0.1,0.65,balanced_accuracy,0.5,,0,0,7805,0.0,0.0,0.0,False,7805,1.0,0.0,0.5,0.5,0.0
BCCC,1,Logistic stacker (nested cross-fitted),0.1,0.7,balanced_accuracy,0.5,,0,0,7805,0.0,0.0,0.0,False,7805,1.0,0.0,0.5,0.5,0.0
BCCC,1,Logistic stacker (nested cross-fitted),0.1,0.75,balanced_accuracy,0.5,,0,0,7805,0.0,0.0,0.0,False,7805,1.0,0.0,0.5,0.5,0.0
BCCC,1,Logistic stacker (nested cross-fitted),0.1,0.8,balanced_accuracy,0.5,,0,0,7805,0.0,0.0,0.0,False,7805,1.0,0.0,0.5,0.5,0.0
BCCC,1,Logistic stacker (nested cross-fitted),0.1,0.85,balanced_accuracy,0.5,,0,0,7805,0.0,0.0,0.0,False,7805,1.0,0.0,0.5,0.5,0.0
BCCC,1,Logistic stacker (nested cross-fitted),0.1,0.9,balanced_accuracy,0.5,,0,0,7805,0.0,0.0,0.0,False,7805,1.0,0.0,0.5,0.5,0.0
BCCC,1,Logistic stacker (nested cross-fitted),0.1,0.95,balanced_accuracy,0.5,,0,0,7805,0.0,0.0,0.0,False,7805,1.0,0.0,0.5,0.5,0.0
BCCC,1,Logistic stacker (nested cross-fitted),1.0,0.05,balanced_accuracy,0.5,,7805,7805,0,0.5,1.0,0.6666666666666666,False,0,0.0,1.0,0.5,0.5,0.0
BCCC,1,Logistic stacker (nested cross-fitted),1.0,0.1,balanced_accuracy,0.5,,7805,7805,0,0.5,1.0,0.6666666666666666,False,0,0.0,1.0,0.5,0.5,0.0
BCCC,1,Logistic stacker (nested cross-fitted),1.0,0.15,balanced_accuracy,0.5,,7805,7805,0,0.5,1.0,0.6666666666666666,False,0,0.0,1.0,0.5,0.5,0.0
BCCC,1,Logistic stacker (nested cross-fitted),1.0,0.2,balanced_accuracy,0.5,,7805,7805,0,0.5,1.0,0.6666666666666666,False,0,0.0,1.0,0.5,0.5,0.0
BCCC,1,Logistic stacker (nested cross-fitted),1.0,0.25,balanced_accuracy,0.5019859064702114,,7797,7766,8,0.5009959519372872,0.9989750160153748,0.6673228346456693,False,39,0.004996796925048046,0.9950032030749519,0.5019859064702114,0.5019859064702114,0.03624650243194526
BCCC,1,Logistic stacker (nested cross-fitted),1.0,0.3,balanced_accuracy,0.5020499679692505,,7794,7762,11,0.5010285420416559,0.9985906470211403,0.6672659560806472,False,43,0.005509288917360666,0.9944907110826393,0.5020499679692505,0.5020499679692505,0.03491436366469764
BCCC,1,Logistic stacker (nested cross-fitted),1.0,0.35,balanced_accuracy,0.5019859064702114,,7792,7761,13,0.500996592297306,0.9983344010249839,0.6671804092816166,False,44,0.005637411915438821,0.9943625880845611,0.5019859064702114,0.5019859064702114,0.032924347742402604
BCCC,1,Logistic stacker (nested cross-fitted),1.0,0.4,balanced_accuracy,0.5019859064702114,,7792,7761,13,0.500996592297306,0.9983344010249839,0.6671804092816166,False,44,0.005637411915438821,0.9943625880845611,0.5019859064702114,0.5019859064702114,0.032924347742402604
BCCC,1,Logistic stacker (nested cross-fitted),1.0,0.45,balanced_accuracy,0.5188981422165279,,6785,6490,1020,0.5111111111111111,0.8693145419602819,0.6437381404174574,False,1315,0.16848174247277387,0.8315182575272262,0.5188981422165279,0.5188981422165279,0.05298602116794662
BCCC,1,Logistic stacker (nested cross-fitted),1.0,0.5,balanced_accuracy,0.5170403587443946,,6634,6368,1171,0.5102291955083833,0.8499679692504805,0.6376700148988321,False,1437,0.18411274823830878,0.8158872517616912,0.5170403587443946,0.5170403587443946,0.045679649430669544
BCCC,1,Logistic stacker (nested cross-fitted),1.0,0.55,balanced_accuracy,0.5,,0,0,7805,0.0,0.0,0.0,False,7805,1.0,0.0,0.5,0.5,0.0
BCCC,1,Logistic stacker (nested cross-fitted),1.0,0.6,balanced_accuracy,0.5,,0,0,7805,0.0,0.0,0.0,False,7805,1.0,0.0,0.5,0.5,0.0
BCCC,1,Logistic stacker (nested cross-fitted),1.0,0.65,balanced_accuracy,0.5,,0,0,7805,0.0,0.0,0.0,False,7805,1.0,0.0,0.5,0.5,0.0
BCCC,1,Logistic stacker (nested cross-fitted),1.0,0.7,balanced_accuracy,0.5,,0,0,7805,0.0,0.0,0.0,False,7805,1.0,0.0,0.5,0.5,0.0
BCCC,1,Logistic stacker (nested cross-fitted),1.0,0.75,balanced_accuracy,0.5,,0,0,7805,0.0,0.0,0.0,False,7805,1.0,0.0,0.5,0.5,0.0
BCCC,1,Logistic stacker (nested cross-fitted),1.0,0.8,balanced_accuracy,0.5,,0,0,7805,0.0,0.0,0.0,False,7805,1.0,0.0,0.5,0.5,0.0
BCCC,1,Logistic stacker (nested cross-fitted),1.0,0.85,balanced_accuracy,0.5,,0,0,7805,0.0,0.0,0.0,False,7805,1.0,0.0,0.5,0.5,0.0
BCCC,1,Logistic stacker (nested cross-fitted),1.0,0.9,balanced_accuracy,0.5,,0,0,7805,0.0,0.0,0.0,False,7805,1.0,0.0,0.5,0.5,0.0
BCCC,1,Logistic stacker (nested cross-fitted),1.0,0.95,balanced_accuracy,0.5,,0,0,7805,0.0,0.0,0.0,False,7805,1.0,0.0,0.5,0.5,0.0
BCCC,1,Logistic stacker (nested cross-fitted),10.0,0.05,balanced_accuracy,0.5,,7805,7805,0,0.5,1.0,0.6666666666666666,False,0,0.0,1.0,0.5,0.5,0.0
BCCC,1,Logistic stacker (nested cross-fitted),10.0,0.1,balanced_accuracy,0.5,,7805,7805,0,0.5,1.0,0.6666666666666666,False,0,0.0,1.0,0.5,0.5,0.0
BCCC,1,Logistic stacker (nested cross-fitted),10.0,0.15,balanced_accuracy,0.5,,7805,7805,0,0.5,1.0,0.6666666666666666,False,0,0.0,1.0,0.5,0.5,0.0
BCCC,1,Logistic stacker (nested cross-fitted),10.0,0.2,balanced_accuracy,0.500064061499039,,7805,7804,0,0.5000320328015888,1.0,0.6666951396600325,False,1,0.00012812299807815503,0.9998718770019218,0.500064061499039,0.500064061499039,0.008004099148414762
BCCC,1,Logistic stacker (nested cross-fitted),10.0,0.25,balanced_accuracy,0.5019859064702114,,7797,7766,8,0.5009959519372872,0.9989750160153748,0.6673228346456693,False,39,0.004996796925048046,0.9950032030749519,0.5019859064702114,0.5019859064702114,0.03624650243194526
BCCC,1,Logistic stacker (nested cross-fitted),10.0,0.3,balanced_accuracy,0.5019859064702114,,7792,7761,13,0.500996592297306,0.9983344010249839,0.6671804092816166,False,44,0.005637411915438821,0.9943625880845611,0.5019859064702114,0.5019859064702114,0.032924347742402604
BCCC,1,Logistic stacker (nested cross-fitted),10.0,0.35,balanced_accuracy,0.5019859064702114,,7792,7761,13,0.500996592297306,0.9983344010249839,0.6671804092816166,False,44,0.005637411915438821,0.9943625880845611,0.5019859064702114,0.5019859064702114,0.032924347742402604
BCCC,1,Logistic stacker (nested cross-fitted),10.0,0.4,balanced_accuracy,0.5019859064702114,,7792,7761,13,0.500996592297306,0.9983344010249839,0.6671804092816166,False,44,0.005637411915438821,0.9943625880845611,0.5019859064702114,0.5019859064702114,0.032924347742402604
BCCC,1,Logistic stacker (nested cross-fitted),10.0,0.45,balanced_accuracy,0.5188981422165279,,6785,6490,1020,0.5111111111111111,0.8693145419602819,0.6437381404174574,False,1315,0.16848174247277387,0.8315182575272262,0.5188981422165279,0.5188981422165279,0.05298602116794662
BCCC,1,Logistic stacker (nested cross-fitted),10.0,0.5,balanced_accuracy,0.5170403587443946,,6634,6368,1171,0.5102291955083833,0.8499679692504805,0.6376700148988321,False,1437,0.18411274823830878,0.8158872517616912,0.5170403587443946,0.5170403587443946,0.045679649430669544
BCCC,1,Logistic stacker (nested cross-fitted),10.0,0.55,balanced_accuracy,0.5,,0,0,7805,0.0,0.0,0.0,False,7805,1.0,0.0,0.5,0.5,0.0
BCCC,1,Logistic stacker (nested cross-fitted),10.0,0.6,balanced_accuracy,0.5,,0,0,7805,0.0,0.0,0.0,False,7805,1.0,0.0,0.5,0.5,0.0
BCCC,1,Logistic stacker (nested cross-fitted),10.0,0.65,balanced_accuracy,0.5,,0,0,7805,0.0,0.0,0.0,False,7805,1.0,0.0,0.5,0.5,0.0
BCCC,1,Logistic stacker (nested cross-fitted),10.0,0.7,balanced_accuracy,0.5,,0,0,7805,0.0,0.0,0.0,False,7805,1.0,0.0,0.5,0.5,0.0
BCCC,1,Logistic stacker (nested cross-fitted),10.0,0.75,balanced_accuracy,0.5,,0,0,7805,0.0,0.0,0.0,False,7805,1.0,0.0,0.5,0.5,0.0
BCCC,1,Logistic stacker (nested cross-fitted),10.0,0.8,balanced_accuracy,0.5,,0,0,7805,0.0,0.0,0.0,False,7805,1.0,0.0,0.5,0.5,0.0
BCCC,1,Logistic stacker (nested cross-fitted),10.0,0.85,balanced_accuracy,0.5,,0,0,7805,0.0,0.0,0.0,False,7805,1.0,0.0,0.5,0.5,0.0
BCCC,1,Logistic stacker (nested cross-fitted),10.0,0.9,balanced_accuracy,0.5,,0,0,7805,0.0,0.0,0.0,False,7805,1.0,0.0,0.5,0.5,0.0
BCCC,1,Logistic stacker (nested cross-fitted),10.0,0.95,balanced_accuracy,0.5,,0,0,7805,0.0,0.0,0.0,False,7805,1.0,0.0,0.5,0.5,0.0
BCCC,2,Prevalence-only (nested cross-fitted),,0.05,balanced_accuracy,0.5,,7805,7805,0,0.5,1.0,0.6666666666666666,False,0,0.0,1.0,0.5,0.5,0.0
BCCC,2,Prevalence-only (nested cross-fitted),,0.1,balanced_accuracy,0.5,,7805,7805,0,0.5,1.0,0.6666666666666666,False,0,0.0,1.0,0.5,0.5,0.0
BCCC,2,Prevalence-only (nested cross-fitted),,0.15,balanced_accuracy,0.5,,7805,7805,0,0.5,1.0,0.6666666666666666,False,0,0.0,1.0,0.5,0.5,0.0
BCCC,2,Prevalence-only (nested cross-fitted),,0.2,balanced_accuracy,0.5,,7805,7805,0,0.5,1.0,0.6666666666666666,False,0,0.0,1.0,0.5,0.5,0.0
BCCC,2,Prevalence-only (nested cross-fitted),,0.25,balanced_accuracy,0.5,,7805,7805,0,0.5,1.0,0.6666666666666666,False,0,0.0,1.0,0.5,0.5,0.0
BCCC,2,Prevalence-only (nested cross-fitted),,0.3,balanced_accuracy,0.5,,7805,7805,0,0.5,1.0,0.6666666666666666,False,0,0.0,1.0,0.5,0.5,0.0
BCCC,2,Prevalence-only (nested cross-fitted),,0.35,balanced_accuracy,0.5,,7805,7805,0,0.5,1.0,0.6666666666666666,False,0,0.0,1.0,0.5,0.5,0.0
BCCC,2,Prevalence-only (nested cross-fitted),,0.4,balanced_accuracy,0.5,,7805,7805,0,0.5,1.0,0.6666666666666666,False,0,0.0,1.0,0.5,0.5,0.0
BCCC,2,Prevalence-only (nested cross-fitted),,0.45,balanced_accuracy,0.5,,7805,7805,0,0.5,1.0,0.6666666666666666,False,0,0.0,1.0,0.5,0.5,0.0
BCCC,2,Prevalence-only (nested cross-fitted),,0.5,balanced_accuracy,0.5,,7805,7805,0,0.5,1.0,0.6666666666666666,False,0,0.0,1.0,0.5,0.5,0.0
BCCC,2,Prevalence-only (nested cross-fitted),,0.55,balanced_accuracy,0.5,,0,0,7805,0.0,0.0,0.0,False,7805,1.0,0.0,0.5,0.5,0.0
BCCC,2,Prevalence-only (nested cross-fitted),,0.6,balanced_accuracy,0.5,,0,0,7805,0.0,0.0,0.0,False,7805,1.0,0.0,0.5,0.5,0.0
BCCC,2,Prevalence-only (nested cross-fitted),,0.65,balanced_accuracy,0.5,,0,0,7805,0.0,0.0,0.0,False,7805,1.0,0.0,0.5,0.5,0.0
BCCC,2,Prevalence-only (nested cross-fitted),,0.7,balanced_accuracy,0.5,,0,0,7805,0.0,0.0,0.0,False,7805,1.0,0.0,0.5,0.5,0.0
BCCC,2,Prevalence-only (nested cross-fitted),,0.75,balanced_accuracy,0.5,,0,0,7805,0.0,0.0,0.0,False,7805,1.0,0.0,0.5,0.5,0.0
BCCC,2,Prevalence-only (nested cross-fitted),,0.8,balanced_accuracy,0.5,,0,0,7805,0.0,0.0,0.0,False,7805,1.0,0.0,0.5,0.5,0.0
BCCC,2,Prevalence-only (nested cross-fitted),,0.85,balanced_accuracy,0.5,,0,0,7805,0.0,0.0,0.0,False,7805,1.0,0.0,0.5,0.5,0.0
BCCC,2,Prevalence-only (nested cross-fitted),,0.9,balanced_accuracy,0.5,,0,0,7805,0.0,0.0,0.0,False,7805,1.0,0.0,0.5,0.5,0.0
BCCC,2,Prevalence-only (nested cross-fitted),,0.95,balanced_accuracy,0.5,,0,0,7805,0.0,0.0,0.0,True,7805,1.0,0.0,0.5,0.5,0.0
BCCC,2,Logistic stacker (nested cross-fitted),0.01,0.05,balanced_accuracy,0.5,,7805,7805,0,0.5,1.0,0.6666666666666666,False,0,0.0,1.0,0.5,0.5,0.0
BCCC,2,Logistic stacker (nested cross-fitted),0.01,0.1,balanced_accuracy,0.5,,7805,7805,0,0.5,1.0,0.6666666666666666,False,0,0.0,1.0,0.5,0.5,0.0
BCCC,2,Logistic stacker (nested cross-fitted),0.01,0.15,balanced_accuracy,0.5,,7805,7805,0,0.5,1.0,0.6666666666666666,False,0,0.0,1.0,0.5,0.5,0.0
BCCC,2,Logistic stacker (nested cross-fitted),0.01,0.2,balanced_accuracy,0.5,,7805,7805,0,0.5,1.0,0.6666666666666666,False,0,0.0,1.0,0.5,0.5,0.0
BCCC,2,Logistic stacker (nested cross-fitted),0.01,0.25,balanced_accuracy,0.5,,7805,7805,0,0.5,1.0,0.6666666666666666,False,0,0.0,1.0,0.5,0.5,0.0
BCCC,2,Logistic stacker (nested cross-fitted),0.01,0.3,balanced_accuracy,0.5,,7805,7805,0,0.5,1.0,0.6666666666666666,False,0,0.0,1.0,0.5,0.5,0.0
BCCC,2,Logistic stacker (nested cross-fitted),0.01,0.35,balanced_accuracy,0.5,,7805,7805,0,0.5,1.0,0.6666666666666666,False,0,0.0,1.0,0.5,0.5,0.0
BCCC,2,Logistic stacker (nested cross-fitted),0.01,0.4,balanced_accuracy,0.5,,7805,7805,0,0.5,1.0,0.6666666666666666,False,0,0.0,1.0,0.5,0.5,0.0
BCCC,2,Logistic stacker (nested cross-fitted),0.01,0.45,balanced_accuracy,0.5208199871877002,,6798,6473,1007,0.512244744179037,0.8709801409352979,0.6450939457202505,True,1332,0.1706598334401025,0.8293401665598975,0.5208199871877002,0.5208199871877002,0.058333283840190105
BCCC,2,Logistic stacker (nested cross-fitted),0.01,0.5,balanced_accuracy,0.5195387572069187,,6641,6336,1164,0.5117515604531093,0.8508648302370275,0.639110768934655,False,1469,0.18821268417680972,0.8117873158231903,0.5195387572069187,0.5195387572069187,0.052177979460676926
BCCC,2,Logistic stacker (nested cross-fitted),0.01,0.55,balanced_accuracy,0.5,,0,0,7805,0.0,0.0,0.0,False,7805,1.0,0.0,0.5,0.5,0.0
BCCC,2,Logistic stacker (nested cross-fitted),0.01,0.6,balanced_accuracy,0.5,,0,0,7805,0.0,0.0,0.0,False,7805,1.0,0.0,0.5,0.5,0.0
BCCC,2,Logistic stacker (nested cross-fitted),0.01,0.65,balanced_accuracy,0.5,,0,0,7805,0.0,0.0,0.0,False,7805,1.0,0.0,0.5,0.5,0.0
BCCC,2,Logistic stacker (nested cross-fitted),0.01,0.7,balanced_accuracy,0.5,,0,0,7805,0.0,0.0,0.0,False,7805,1.0,0.0,0.5,0.5,0.0
BCCC,2,Logistic stacker (nested cross-fitted),0.01,0.75,balanced_accuracy,0.5,,0,0,7805,0.0,0.0,0.0,False,7805,1.0,0.0,0.5,0.5,0.0
BCCC,2,Logistic stacker (nested cross-fitted),0.01,0.8,balanced_accuracy,0.5,,0,0,7805,0.0,0.0,0.0,False,7805,1.0,0.0,0.5,0.5,0.0
BCCC,2,Logistic stacker (nested cross-fitted),0.01,0.85,balanced_accuracy,0.5,,0,0,7805,0.0,0.0,0.0,False,7805,1.0,0.0,0.5,0.5,0.0
BCCC,2,Logistic stacker (nested cross-fitted),0.01,0.9,balanced_accuracy,0.5,,0,0,7805,0.0,0.0,0.0,False,7805,1.0,0.0,0.5,0.5,0.0
BCCC,2,Logistic stacker (nested cross-fitted),0.01,0.95,balanced_accuracy,0.5,,0,0,7805,0.0,0.0,0.0,False,7805,1.0,0.0,0.5,0.5,0.0
BCCC,2,Logistic stacker (nested cross-fitted),0.1,0.05,balanced_accuracy,0.5,,7805,7805,0,0.5,1.0,0.6666666666666666,False,0,0.0,1.0,0.5,0.5,0.0
BCCC,2,Logistic stacker (nested cross-fitted),0.1,0.1,balanced_accuracy,0.5,,7805,7805,0,0.5,1.0,0.6666666666666666,False,0,0.0,1.0,0.5,0.5,0.0
BCCC,2,Logistic stacker (nested cross-fitted),0.1,0.15,balanced_accuracy,0.5,,7805,7805,0,0.5,1.0,0.6666666666666666,False,0,0.0,1.0,0.5,0.5,0.0
BCCC,2,Logistic stacker (nested cross-fitted),0.1,0.2,balanced_accuracy,0.5,,7805,7805,0,0.5,1.0,0.6666666666666666,False,0,0.0,1.0,0.5,0.5,0.0
BCCC,2,Logistic stacker (nested cross-fitted),0.1,0.25,balanced_accuracy,0.5,,7805,7805,0,0.5,1.0,0.6666666666666666,False,0,0.0,1.0,0.5,0.5,0.0
BCCC,2,Logistic stacker (nested cross-fitted),0.1,0.3,balanced_accuracy,0.5,,7805,7805,0,0.5,1.0,0.6666666666666666,False,0,0.0,1.0,0.5,0.5,0.0
BCCC,2,Logistic stacker (nested cross-fitted),0.1,0.35,balanced_accuracy,0.5009609224855862,,7798,7783,7,0.5004813554970797,0.9991031390134529,0.6668947233387497,False,22,0.0028187059577194106,0.9971812940422806,0.5009609224855862,0.5009609224855862,0.022314882085646803
BCCC,2,Logistic stacker (nested cross-fitted),0.1,0.4,balanced_accuracy,0.5017296604740551,,7784,7757,21,0.5008686699697574,0.9973094170403587,0.6668380022273623,False,48,0.006149903907751442,0.9938500960922486,0.5017296604740551,0.5017296604740551,0.026073524349118294
BCCC,2,Logistic stacker (nested cross-fitted),0.1,0.45,balanced_accuracy,0.5208199871877002,,6792,6467,1013,0.5122558262312391,0.870211402946829,0.6448917584504368,False,1338,0.17142857142857143,0.8285714285714286,0.5208199871877002,0.5208199871877002,0.05821054442326159
BCCC,2,Logistic stacker (nested cross-fitted),0.1,0.5,balanced_accuracy,0.5195387572069187,,6514,6209,1291,0.5119861667845634,0.8345932094811018,0.6346453624318005,False,1596,0.20448430493273542,0.7955156950672646,0.5195387572069187,0.5195387572069187,0.05032475668730926
BCCC,2,Logistic stacker (nested cross-fitted),0.1,0.55,balanced_accuracy,0.5,,0,0,7805,0.0,0.0,0.0,False,7805,1.0,0.0,0.5,0.5,0.0
BCCC,2,Logistic stacker (nested cross-fitted),0.1,0.6,balanced_accuracy,0.5,,0,0,7805,0.0,0.0,0.0,False,7805,1.0,0.0,0.5,0.5,0.0
BCCC,2,Logistic stacker (nested cross-fitted),0.1,0.65,balanced_accuracy,0.5,,0,0,7805,0.0,0.0,0.0,False,7805,1.0,0.0,0.5,0.5,0.0
BCCC,2,Logistic stacker (nested cross-fitted),0.1,0.7,balanced_accuracy,0.5,,0,0,7805,0.0,0.0,0.0,False,7805,1.0,0.0,0.5,0.5,0.0
BCCC,2,Logistic stacker (nested cross-fitted),0.1,0.75,balanced_accuracy,0.5,,0,0,7805,0.0,0.0,0.0,False,7805,1.0,0.0,0.5,0.5,0.0
BCCC,2,Logistic stacker (nested cross-fitted),0.1,0.8,balanced_accuracy,0.5,,0,0,7805,0.0,0.0,0.0,False,7805,1.0,0.0,0.5,0.5,0.0
BCCC,2,Logistic stacker (nested cross-fitted),0.1,0.85,balanced_accuracy,0.5,,0,0,7805,0.0,0.0,0.0,False,7805,1.0,0.0,0.5,0.5,0.0
BCCC,2,Logistic stacker (nested cross-fitted),0.1,0.9,balanced_accuracy,0.5,,0,0,7805,0.0,0.0,0.0,False,7805,1.0,0.0,0.5,0.5,0.0
BCCC,2,Logistic stacker (nested cross-fitted),0.1,0.95,balanced_accuracy,0.5,,0,0,7805,0.0,0.0,0.0,False,7805,1.0,0.0,0.5,0.5,0.0
BCCC,2,Logistic stacker (nested cross-fitted),1.0,0.05,balanced_accuracy,0.5,,7805,7805,0,0.5,1.0,0.6666666666666666,False,0,0.0,1.0,0.5,0.5,0.0
BCCC,2,Logistic stacker (nested cross-fitted),1.0,0.1,balanced_accuracy,0.5,,7805,7805,0,0.5,1.0,0.6666666666666666,False,0,0.0,1.0,0.5,0.5,0.0
BCCC,2,Logistic stacker (nested cross-fitted),1.0,0.15,balanced_accuracy,0.5,,7805,7805,0,0.5,1.0,0.6666666666666666,False,0,0.0,1.0,0.5,0.5,0.0
BCCC,2,Logistic stacker (nested cross-fitted),1.0,0.2,balanced_accuracy,0.5,,7805,7805,0,0.5,1.0,0.6666666666666666,False,0,0.0,1.0,0.5,0.5,0.0
BCCC,2,Logistic stacker (nested cross-fitted),1.0,0.25,balanced_accuracy,0.5003843689942344,,7801,7795,4,0.5001923570146192,0.9994875080076874,0.6667236442887056,False,10,0.0012812299807815502,0.9987187700192185,0.5003843689942344,0.5003843689942344,0.012840461093828137
BCCC,2,Logistic stacker (nested cross-fitted),1.0,0.3,balanced_accuracy,0.5009609224855862,,7798,7783,7,0.5004813554970797,0.9991031390134529,0.6668947233387497,False,22,0.0028187059577194106,0.9971812940422806,0.5009609224855862,0.5009609224855862,0.022314882085646803
BCCC,2,Logistic stacker (nested cross-fitted),1.0,0.35,balanced_accuracy,0.5016015374759769,,7791,7766,14,0.5008034968181526,0.9982062780269059,0.6669805667323003,False,39,0.004996796925048046,0.9950032030749519,0.5016015374759769,0.5016015374759769,0.027532087937199717
BCCC,2,Logistic stacker (nested cross-fitted),1.0,0.4,balanced_accuracy,0.5017296604740551,,7778,7751,27,0.5008693412325327,0.9965406790518898,0.6666666666666666,False,54,0.006918641896220372,0.9930813581037796,0.5017296604740551,0.5017296604740551,0.024074069487489105
BCCC,2,Logistic stacker (nested cross-fitted),1.0,0.45,balanced_accuracy,0.5208199871877002,,6792,6467,1013,0.5122558262312391,0.870211402946829,0.6448917584504368,False,1338,0.17142857142857143,0.8285714285714286,0.5208199871877002,0.5208199871877002,0.05821054442326159
BCCC,2,Logistic stacker (nested cross-fitted),1.0,0.5,balanced_accuracy,0.5195387572069187,,6514,6209,1291,0.5119861667845634,0.8345932094811018,0.6346453624318005,False,1596,0.20448430493273542,0.7955156950672646,0.5195387572069187,0.5195387572069187,0.05032475668730926
BCCC,2,Logistic stacker (nested cross-fitted),1.0,0.55,balanced_accuracy,0.5,,0,0,7805,0.0,0.0,0.0,False,7805,1.0,0.0,0.5,0.5,0.0
BCCC,2,Logistic stacker (nested cross-fitted),1.0,0.6,balanced_accuracy,0.5,,0,0,7805,0.0,0.0,0.0,False,7805,1.0,0.0,0.5,0.5,0.0
BCCC,2,Logistic stacker (nested cross-fitted),1.0,0.65,balanced_accuracy,0.5,,0,0,7805,0.0,0.0,0.0,False,7805,1.0,0.0,0.5,0.5,0.0
BCCC,2,Logistic stacker (nested cross-fitted),1.0,0.7,balanced_accuracy,0.5,,0,0,7805,0.0,0.0,0.0,False,7805,1.0,0.0,0.5,0.5,0.0
BCCC,2,Logistic stacker (nested cross-fitted),1.0,0.75,balanced_accuracy,0.5,,0,0,7805,0.0,0.0,0.0,False,7805,1.0,0.0,0.5,0.5,0.0
BCCC,2,Logistic stacker (nested cross-fitted),1.0,0.8,balanced_accuracy,0.5,,0,0,7805,0.0,0.0,0.0,False,7805,1.0,0.0,0.5,0.5,0.0
BCCC,2,Logistic stacker (nested cross-fitted),1.0,0.85,balanced_accuracy,0.5,,0,0,7805,0.0,0.0,0.0,False,7805,1.0,0.0,0.5,0.5,0.0
BCCC,2,Logistic stacker (nested cross-fitted),1.0,0.9,balanced_accuracy,0.5,,0,0,7805,0.0,0.0,0.0,False,7805,1.0,0.0,0.5,0.5,0.0
BCCC,2,Logistic stacker (nested cross-fitted),1.0,0.95,balanced_accuracy,0.5,,0,0,7805,0.0,0.0,0.0,False,7805,1.0,0.0,0.5,0.5,0.0
BCCC,2,Logistic stacker (nested cross-fitted),10.0,0.05,balanced_accuracy,0.5,,7805,7805,0,0.5,1.0,0.6666666666666666,False,0,0.0,1.0,0.5,0.5,0.0
BCCC,2,Logistic stacker (nested cross-fitted),10.0,0.1,balanced_accuracy,0.5,,7805,7805,0,0.5,1.0,0.6666666666666666,False,0,0.0,1.0,0.5,0.5,0.0
BCCC,2,Logistic stacker (nested cross-fitted),10.0,0.15,balanced_accuracy,0.5,,7805,7805,0,0.5,1.0,0.6666666666666666,False,0,0.0,1.0,0.5,0.5,0.0
BCCC,2,Logistic stacker (nested cross-fitted),10.0,0.2,balanced_accuracy,0.5,,7805,7805,0,0.5,1.0,0.6666666666666666,False,0,0.0,1.0,0.5,0.5,0.0
BCCC,2,Logistic stacker (nested cross-fitted),10.0,0.25,balanced_accuracy,0.5009609224855862,,7798,7783,7,0.5004813554970797,0.9991031390134529,0.6668947233387497,False,22,0.0028187059577194106,0.9971812940422806,0.5009609224855862,0.5009609224855862,0.022314882085646803
BCCC,2,Logistic stacker (nested cross-fitted),10.0,0.3,balanced_accuracy,0.5009609224855861,,7796,7781,9,0.5004814791038069,0.9988468930172966,0.6668377384312719,False,24,0.003074951953875721,0.9969250480461243,0.5009609224855862,0.5009609224855861,0.02092147882411963
BCCC,2,Logistic stacker (nested cross-fitted),10.0,0.35,balanced_accuracy,0.5016015374759769,,7791,7766,14,0.5008034968181526,0.9982062780269059,0.6669805667323003,False,39,0.004996796925048046,0.9950032030749519,0.5016015374759769,0.5016015374759769,0.027532087937199717
BCCC,2,Logistic stacker (nested cross-fitted),10.0,0.4,balanced_accuracy,0.5017296604740551,,7778,7751,27,0.5008693412325327,0.9965406790518898,0.6666666666666666,False,54,0.006918641896220372,0.9930813581037796,0.5017296604740551,0.5017296604740551,0.024074069487489105
BCCC,2,Logistic stacker (nested cross-fitted),10.0,0.45,balanced_accuracy,0.5208199871877002,,6792,6467,1013,0.5122558262312391,0.870211402946829,0.6448917584504368,False,1338,0.17142857142857143,0.8285714285714286,0.5208199871877002,0.5208199871877002,0.05821054442326159
BCCC,2,Logistic stacker (nested cross-fitted),10.0,0.5,balanced_accuracy,0.5195387572069187,,6514,6209,1291,0.5119861667845634,0.8345932094811018,0.6346453624318005,False,1596,0.20448430493273542,0.7955156950672646,0.5195387572069187,0.5195387572069187,0.05032475668730926
BCCC,2,Logistic stacker (nested cross-fitted),10.0,0.55,balanced_accuracy,0.5,,0,0,7805,0.0,0.0,0.0,False,7805,1.0,0.0,0.5,0.5,0.0
BCCC,2,Logistic stacker (nested cross-fitted),10.0,0.6,balanced_accuracy,0.5,,0,0,7805,0.0,0.0,0.0,False,7805,1.0,0.0,0.5,0.5,0.0
BCCC,2,Logistic stacker (nested cross-fitted),10.0,0.65,balanced_accuracy,0.5,,0,0,7805,0.0,0.0,0.0,False,7805,1.0,0.0,0.5,0.5,0.0
BCCC,2,Logistic stacker (nested cross-fitted),10.0,0.7,balanced_accuracy,0.5,,0,0,7805,0.0,0.0,0.0,False,7805,1.0,0.0,0.5,0.5,0.0
BCCC,2,Logistic stacker (nested cross-fitted),10.0,0.75,balanced_accuracy,0.5,,0,0,7805,0.0,0.0,0.0,False,7805,1.0,0.0,0.5,0.5,0.0
BCCC,2,Logistic stacker (nested cross-fitted),10.0,0.8,balanced_accuracy,0.5,,0,0,7805,0.0,0.0,0.0,False,7805,1.0,0.0,0.5,0.5,0.0
BCCC,2,Logistic stacker (nested cross-fitted),10.0,0.85,balanced_accuracy,0.5,,0,0,7805,0.0,0.0,0.0,False,7805,1.0,0.0,0.5,0.5,0.0
BCCC,2,Logistic stacker (nested cross-fitted),10.0,0.9,balanced_accuracy,0.5,,0,0,7805,0.0,0.0,0.0,False,7805,1.0,0.0,0.5,0.5,0.0
BCCC,2,Logistic stacker (nested cross-fitted),10.0,0.95,balanced_accuracy,0.5,,0,0,7805,0.0,0.0,0.0,False,7805,1.0,0.0,0.5,0.5,0.0
BCCC,3,Prevalence-only (nested cross-fitted),,0.05,balanced_accuracy,0.5,,7805,7804,0,0.5000320328015888,1.0,0.6666951396600325,False,0,0.0,1.0,0.5000320328015888,0.5,0.0
BCCC,3,Prevalence-only (nested cross-fitted),,0.1,balanced_accuracy,0.5,,7805,7804,0,0.5000320328015888,1.0,0.6666951396600325,False,0,0.0,1.0,0.5000320328015888,0.5,0.0
BCCC,3,Prevalence-only (nested cross-fitted),,0.15,balanced_accuracy,0.5,,7805,7804,0,0.5000320328015888,1.0,0.6666951396600325,False,0,0.0,1.0,0.5000320328015888,0.5,0.0
BCCC,3,Prevalence-only (nested cross-fitted),,0.2,balanced_accuracy,0.5,,7805,7804,0,0.5000320328015888,1.0,0.6666951396600325,False,0,0.0,1.0,0.5000320328015888,0.5,0.0
BCCC,3,Prevalence-only (nested cross-fitted),,0.25,balanced_accuracy,0.5,,7805,7804,0,0.5000320328015888,1.0,0.6666951396600325,False,0,0.0,1.0,0.5000320328015888,0.5,0.0
BCCC,3,Prevalence-only (nested cross-fitted),,0.3,balanced_accuracy,0.5,,7805,7804,0,0.5000320328015888,1.0,0.6666951396600325,False,0,0.0,1.0,0.5000320328015888,0.5,0.0
BCCC,3,Prevalence-only (nested cross-fitted),,0.35,balanced_accuracy,0.5,,7805,7804,0,0.5000320328015888,1.0,0.6666951396600325,False,0,0.0,1.0,0.5000320328015888,0.5,0.0
BCCC,3,Prevalence-only (nested cross-fitted),,0.4,balanced_accuracy,0.5,,7805,7804,0,0.5000320328015888,1.0,0.6666951396600325,False,0,0.0,1.0,0.5000320328015888,0.5,0.0
BCCC,3,Prevalence-only (nested cross-fitted),,0.45,balanced_accuracy,0.5,,7805,7804,0,0.5000320328015888,1.0,0.6666951396600325,False,0,0.0,1.0,0.5000320328015888,0.5,0.0
BCCC,3,Prevalence-only (nested cross-fitted),,0.5,balanced_accuracy,0.5,,7805,7804,0,0.5000320328015888,1.0,0.6666951396600325,False,0,0.0,1.0,0.5000320328015888,0.5,0.0
BCCC,3,Prevalence-only (nested cross-fitted),,0.55,balanced_accuracy,0.5,,0,0,7805,0.0,0.0,0.0,False,7804,1.0,0.0,0.4999679671984112,0.5,0.0
BCCC,3,Prevalence-only (nested cross-fitted),,0.6,balanced_accuracy,0.5,,0,0,7805,0.0,0.0,0.0,False,7804,1.0,0.0,0.4999679671984112,0.5,0.0
BCCC,3,Prevalence-only (nested cross-fitted),,0.65,balanced_accuracy,0.5,,0,0,7805,0.0,0.0,0.0,False,7804,1.0,0.0,0.4999679671984112,0.5,0.0
BCCC,3,Prevalence-only (nested cross-fitted),,0.7,balanced_accuracy,0.5,,0,0,7805,0.0,0.0,0.0,False,7804,1.0,0.0,0.4999679671984112,0.5,0.0
BCCC,3,Prevalence-only (nested cross-fitted),,0.75,balanced_accuracy,0.5,,0,0,7805,0.0,0.0,0.0,False,7804,1.0,0.0,0.4999679671984112,0.5,0.0
BCCC,3,Prevalence-only (nested cross-fitted),,0.8,balanced_accuracy,0.5,,0,0,7805,0.0,0.0,0.0,False,7804,1.0,0.0,0.4999679671984112,0.5,0.0
BCCC,3,Prevalence-only (nested cross-fitted),,0.85,balanced_accuracy,0.5,,0,0,7805,0.0,0.0,0.0,False,7804,1.0,0.0,0.4999679671984112,0.5,0.0
BCCC,3,Prevalence-only (nested cross-fitted),,0.9,balanced_accuracy,0.5,,0,0,7805,0.0,0.0,0.0,False,7804,1.0,0.0,0.4999679671984112,0.5,0.0
BCCC,3,Prevalence-only (nested cross-fitted),,0.95,balanced_accuracy,0.5,,0,0,7805,0.0,0.0,0.0,True,7804,1.0,0.0,0.4999679671984112,0.5,0.0
BCCC,3,Logistic stacker (nested cross-fitted),0.01,0.05,balanced_accuracy,0.5,,7805,7804,0,0.5000320328015888,1.0,0.6666951396600325,False,0,0.0,1.0,0.5000320328015888,0.5,0.0
BCCC,3,Logistic stacker (nested cross-fitted),0.01,0.1,balanced_accuracy,0.5,,7805,7804,0,0.5000320328015888,1.0,0.6666951396600325,False,0,0.0,1.0,0.5000320328015888,0.5,0.0
BCCC,3,Logistic stacker (nested cross-fitted),0.01,0.15,balanced_accuracy,0.5,,7805,7804,0,0.5000320328015888,1.0,0.6666951396600325,False,0,0.0,1.0,0.5000320328015888,0.5,0.0
BCCC,3,Logistic stacker (nested cross-fitted),0.01,0.2,balanced_accuracy,0.5,,7805,7804,0,0.5000320328015888,1.0,0.6666951396600325,False,0,0.0,1.0,0.5000320328015888,0.5,0.0
BCCC,3,Logistic stacker (nested cross-fitted),0.01,0.25,balanced_accuracy,0.5,,7805,7804,0,0.5000320328015888,1.0,0.6666951396600325,False,0,0.0,1.0,0.5000320328015888,0.5,0.0
BCCC,3,Logistic stacker (nested cross-fitted),0.01,0.3,balanced_accuracy,0.5,,7805,7804,0,0.5000320328015888,1.0,0.6666951396600325,False,0,0.0,1.0,0.5000320328015888,0.5,0.0
BCCC,3,Logistic stacker (nested cross-fitted),0.01,0.35,balanced_accuracy,0.5,,7805,7804,0,0.5000320328015888,1.0,0.6666951396600325,False,0,0.0,1.0,0.5000320328015888,0.5,0.0
BCCC,3,Logistic stacker (nested cross-fitted),0.01,0.4,balanced_accuracy,0.5,,7805,7804,0,0.5000320328015888,1.0,0.6666951396600325,False,0,0.0,1.0,0.5000320328015888,0.5,0.0
BCCC,3,Logistic stacker (nested cross-fitted),0.01,0.45,balanced_accuracy,0.51147392834897,,7141,6961,664,0.5063820734647567,0.9149263292761051,0.6519377367964577,False,843,0.10802152742183496,0.8919784725781651,0.5114997757703889,0.51147392834897,0.038849929221476634
BCCC,3,Logistic stacker (nested cross-fitted),0.01,0.5,balanced_accuracy,0.5201901339381141,,6809,6493,996,0.511877913095775,0.8723894939141575,0.6451887999241958,True,1311,0.16799077396207074,0.8320092260379293,0.5202126978025499,0.5201901339381141,0.056889486104776295
BCCC,3,Logistic stacker (nested cross-fitted),0.01,0.55,balanced_accuracy,0.5,,0,0,7805,0.0,0.0,0.0,False,7804,1.0,0.0,0.4999679671984112,0.5,0.0
BCCC,3,Logistic stacker (nested cross-fitted),0.01,0.6,balanced_accuracy,0.5,,0,0,7805,0.0,0.0,0.0,False,7804,1.0,0.0,0.4999679671984112,0.5,0.0
BCCC,3,Logistic stacker (nested cross-fitted),0.01,0.65,balanced_accuracy,0.5,,0,0,7805,0.0,0.0,0.0,False,7804,1.0,0.0,0.4999679671984112,0.5,0.0
BCCC,3,Logistic stacker (nested cross-fitted),0.01,0.7,balanced_accuracy,0.5,,0,0,7805,0.0,0.0,0.0,False,7804,1.0,0.0,0.4999679671984112,0.5,0.0
BCCC,3,Logistic stacker (nested cross-fitted),0.01,0.75,balanced_accuracy,0.5,,0,0,7805,0.0,0.0,0.0,False,7804,1.0,0.0,0.4999679671984112,0.5,0.0
BCCC,3,Logistic stacker (nested cross-fitted),0.01,0.8,balanced_accuracy,0.5,,0,0,7805,0.0,0.0,0.0,False,7804,1.0,0.0,0.4999679671984112,0.5,0.0
BCCC,3,Logistic stacker (nested cross-fitted),0.01,0.85,balanced_accuracy,0.5,,0,0,7805,0.0,0.0,0.0,False,7804,1.0,0.0,0.4999679671984112,0.5,0.0
BCCC,3,Logistic stacker (nested cross-fitted),0.01,0.9,balanced_accuracy,0.5,,0,0,7805,0.0,0.0,0.0,False,7804,1.0,0.0,0.4999679671984112,0.5,0.0
BCCC,3,Logistic stacker (nested cross-fitted),0.01,0.95,balanced_accuracy,0.5,,0,0,7805,0.0,0.0,0.0,False,7804,1.0,0.0,0.4999679671984112,0.5,0.0
BCCC,3,Logistic stacker (nested cross-fitted),0.1,0.05,balanced_accuracy,0.5,,7805,7804,0,0.5000320328015888,1.0,0.6666951396600325,False,0,0.0,1.0,0.5000320328015888,0.5,0.0
BCCC,3,Logistic stacker (nested cross-fitted),0.1,0.1,balanced_accuracy,0.5,,7805,7804,0,0.5000320328015888,1.0,0.6666951396600325,False,0,0.0,1.0,0.5000320328015888,0.5,0.0
BCCC,3,Logistic stacker (nested cross-fitted),0.1,0.15,balanced_accuracy,0.5,,7805,7804,0,0.5000320328015888,1.0,0.6666951396600325,False,0,0.0,1.0,0.5000320328015888,0.5,0.0
BCCC,3,Logistic stacker (nested cross-fitted),0.1,0.2,balanced_accuracy,0.5,,7805,7804,0,0.5000320328015888,1.0,0.6666951396600325,False,0,0.0,1.0,0.5000320328015888,0.5,0.0
BCCC,3,Logistic stacker (nested cross-fitted),0.1,0.25,balanced_accuracy,0.5,,7805,7804,0,0.5000320328015888,1.0,0.6666951396600325,False,0,0.0,1.0,0.5000320328015888,0.5,0.0
BCCC,3,Logistic stacker (nested cross-fitted),0.1,0.3,balanced_accuracy,0.5,,7805,7804,0,0.5000320328015888,1.0,0.6666951396600325,False,0,0.0,1.0,0.5000320328015888,0.5,0.0
BCCC,3,Logistic stacker (nested cross-fitted),0.1,0.35,balanced_accuracy,0.5017940339076102,,7795,7766,10,0.5009318167212904,0.9987187700192185,0.6672087648720363,False,38,0.004869297796002051,0.9951307022039979,0.5018258696905631,0.5017940339076102,0.03240159256929601
BCCC,3,Logistic stacker (nested cross-fitted),0.1,0.4,balanced_accuracy,0.5017940339076102,,7795,7766,10,0.5009318167212904,0.9987187700192185,0.6672087648720363,False,38,0.004869297796002051,0.9951307022039979,0.5018258696905631,0.5017940339076102,0.03240159256929601
BCCC,3,Logistic stacker (nested cross-fitted),0.1,0.45,balanced_accuracy,0.5194853096902293,,6816,6511,989,0.5114429353943123,0.8732863549007047,0.6450880181714934,False,1293,0.16568426447975398,0.8343157355202461,0.5195079761675956,0.5194853096902293,0.05515163266526517
BCCC,3,Logistic stacker (nested cross-fitted),0.1,0.5,balanced_accuracy,0.5201901339381141,,6809,6493,996,0.511877913095775,0.8723894939141575,0.6451887999241958,False,1311,0.16799077396207074,0.8320092260379293,0.5202126978025499,0.5201901339381141,0.056889486104776295
BCCC,3,Logistic stacker (nested cross-fitted),0.1,0.55,balanced_accuracy,0.5,,0,0,7805,0.0,0.0,0.0,False,7804,1.0,0.0,0.4999679671984112,0.5,0.0
BCCC,3,Logistic stacker (nested cross-fitted),0.1,0.6,balanced_accuracy,0.5,,0,0,7805,0.0,0.0,0.0,False,7804,1.0,0.0,0.4999679671984112,0.5,0.0
BCCC,3,Logistic stacker (nested cross-fitted),0.1,0.65,balanced_accuracy,0.5,,0,0,7805,0.0,0.0,0.0,False,7804,1.0,0.0,0.4999679671984112,0.5,0.0
BCCC,3,Logistic stacker (nested cross-fitted),0.1,0.7,balanced_accuracy,0.5,,0,0,7805,0.0,0.0,0.0,False,7804,1.0,0.0,0.4999679671984112,0.5,0.0
BCCC,3,Logistic stacker (nested cross-fitted),0.1,0.75,balanced_accuracy,0.5,,0,0,7805,0.0,0.0,0.0,False,7804,1.0,0.0,0.4999679671984112,0.5,0.0
BCCC,3,Logistic stacker (nested cross-fitted),0.1,0.8,balanced_accuracy,0.5,,0,0,7805,0.0,0.0,0.0,False,7804,1.0,0.0,0.4999679671984112,0.5,0.0
BCCC,3,Logistic stacker (nested cross-fitted),0.1,0.85,balanced_accuracy,0.5,,0,0,7805,0.0,0.0,0.0,False,7804,1.0,0.0,0.4999679671984112,0.5,0.0
BCCC,3,Logistic stacker (nested cross-fitted),0.1,0.9,balanced_accuracy,0.5,,0,0,7805,0.0,0.0,0.0,False,7804,1.0,0.0,0.4999679671984112,0.5,0.0
BCCC,3,Logistic stacker (nested cross-fitted),0.1,0.95,balanced_accuracy,0.5,,0,0,7805,0.0,0.0,0.0,False,7804,1.0,0.0,0.4999679671984112,0.5,0.0
BCCC,3,Logistic stacker (nested cross-fitted),1.0,0.05,balanced_accuracy,0.5,,7805,7804,0,0.5000320328015888,1.0,0.6666951396600325,False,0,0.0,1.0,0.5000320328015888,0.5,0.0
BCCC,3,Logistic stacker (nested cross-fitted),1.0,0.1,balanced_accuracy,0.5,,7805,7804,0,0.5000320328015888,1.0,0.6666951396600325,False,0,0.0,1.0,0.5000320328015888,0.5,0.0
BCCC,3,Logistic stacker (nested cross-fitted),1.0,0.15,balanced_accuracy,0.5,,7805,7804,0,0.5000320328015888,1.0,0.6666951396600325,False,0,0.0,1.0,0.5000320328015888,0.5,0.0
BCCC,3,Logistic stacker (nested cross-fitted),1.0,0.2,balanced_accuracy,0.5,,7805,7804,0,0.5000320328015888,1.0,0.6666951396600325,False,0,0.0,1.0,0.5000320328015888,0.5,0.0
BCCC,3,Logistic stacker (nested cross-fitted),1.0,0.25,balanced_accuracy,0.5006407299136335,,7801,7790,4,0.5003527676223463,0.9994875080076874,0.6668661309625578,False,14,0.0017939518195797027,0.9982060481804202,0.5006726888333654,0.5006407299136335,0.01887890676565098
BCCC,3,Logistic stacker (nested cross-fitted),1.0,0.3,balanced_accuracy,0.5017940339076102,,7795,7766,10,0.5009318167212904,0.9987187700192185,0.6672087648720363,False,38,0.004869297796002051,0.9951307022039979,0.5018258696905631,0.5017940339076102,0.03240159256929601
BCCC,3,Logistic stacker (nested cross-fitted),1.0,0.35,balanced_accuracy,0.5018581364506646,,7791,7761,14,0.5009645061728395,0.9982062780269059,0.667123346320161,False,43,0.005509994874423373,0.9944900051255766,0.5018899352937408,0.5018581364506646,0.030805065103571495
BCCC,3,Logistic stacker (nested cross-fitted),1.0,0.4,balanced_accuracy,0.5018581364506646,,7791,7761,14,0.5009645061728395,0.9982062780269059,0.667123346320161,False,43,0.005509994874423373,0.9944900051255766,0.5018899352937408,0.5018581364506646,0.030805065103571495
BCCC,3,Logistic stacker (nested cross-fitted),1.0,0.45,balanced_accuracy,0.5194853096902293,,6816,6511,989,0.5114429353943123,0.8732863549007047,0.6450880181714934,False,1293,0.16568426447975398,0.8343157355202461,0.5195079761675956,0.5194853096902293,0.05515163266526517
BCCC,3,Logistic stacker (nested cross-fitted),1.0,0.5,balanced_accuracy,0.5201901339381141,,6809,6493,996,0.511877913095775,0.8723894939141575,0.6451887999241958,False,1311,0.16799077396207074,0.8320092260379293,0.5202126978025499,0.5201901339381141,0.056889486104776295
BCCC,3,Logistic stacker (nested cross-fitted),1.0,0.55,balanced_accuracy,0.5,,0,0,7805,0.0,0.0,0.0,False,7804,1.0,0.0,0.4999679671984112,0.5,0.0
BCCC,3,Logistic stacker (nested cross-fitted),1.0,0.6,balanced_accuracy,0.5,,0,0,7805,0.0,0.0,0.0,False,7804,1.0,0.0,0.4999679671984112,0.5,0.0
BCCC,3,Logistic stacker (nested cross-fitted),1.0,0.65,balanced_accuracy,0.5,,0,0,7805,0.0,0.0,0.0,False,7804,1.0,0.0,0.4999679671984112,0.5,0.0
BCCC,3,Logistic stacker (nested cross-fitted),1.0,0.7,balanced_accuracy,0.5,,0,0,7805,0.0,0.0,0.0,False,7804,1.0,0.0,0.4999679671984112,0.5,0.0
BCCC,3,Logistic stacker (nested cross-fitted),1.0,0.75,balanced_accuracy,0.5,,0,0,7805,0.0,0.0,0.0,False,7804,1.0,0.0,0.4999679671984112,0.5,0.0
BCCC,3,Logistic stacker (nested cross-fitted),1.0,0.8,balanced_accuracy,0.5,,0,0,7805,0.0,0.0,0.0,False,7804,1.0,0.0,0.4999679671984112,0.5,0.0
BCCC,3,Logistic stacker (nested cross-fitted),1.0,0.85,balanced_accuracy,0.5,,0,0,7805,0.0,0.0,0.0,False,7804,1.0,0.0,0.4999679671984112,0.5,0.0
BCCC,3,Logistic stacker (nested cross-fitted),1.0,0.9,balanced_accuracy,0.5,,0,0,7805,0.0,0.0,0.0,False,7804,1.0,0.0,0.4999679671984112,0.5,0.0
BCCC,3,Logistic stacker (nested cross-fitted),1.0,0.95,balanced_accuracy,0.5,,0,0,7805,0.0,0.0,0.0,False,7804,1.0,0.0,0.4999679671984112,0.5,0.0
BCCC,3,Logistic stacker (nested cross-fitted),10.0,0.05,balanced_accuracy,0.5,,7805,7804,0,0.5000320328015888,1.0,0.6666951396600325,False,0,0.0,1.0,0.5000320328015888,0.5,0.0
BCCC,3,Logistic stacker (nested cross-fitted),10.0,0.1,balanced_accuracy,0.5,,7805,7804,0,0.5000320328015888,1.0,0.6666951396600325,False,0,0.0,1.0,0.5000320328015888,0.5,0.0
BCCC,3,Logistic stacker (nested cross-fitted),10.0,0.15,balanced_accuracy,0.5,,7805,7804,0,0.5000320328015888,1.0,0.6666951396600325,False,0,0.0,1.0,0.5000320328015888,0.5,0.0
BCCC,3,Logistic stacker (nested cross-fitted),10.0,0.2,balanced_accuracy,0.5,,7805,7804,0,0.5000320328015888,1.0,0.6666951396600325,False,0,0.0,1.0,0.5000320328015888,0.5,0.0
BCCC,3,Logistic stacker (nested cross-fitted),10.0,0.25,balanced_accuracy,0.5017940339076102,,7795,7766,10,0.5009318167212904,0.9987187700192185,0.6672087648720363,False,38,0.004869297796002051,0.9951307022039979,0.5018258696905631,0.5017940339076102,0.03240159256929601
BCCC,3,Logistic stacker (nested cross-fitted),10.0,0.3,balanced_accuracy,0.5017299724085712,,7794,7766,11,0.5008997429305913,0.9985906470211403,0.6671517226621014,False,38,0.004869297796002051,0.9951307022039979,0.5017618040873855,0.5017299724085712,0.030925121884505715
BCCC,3,Logistic stacker (nested cross-fitted),10.0,0.35,balanced_accuracy,0.5018581364506646,,7791,7761,14,0.5009645061728395,0.9982062780269059,0.667123346320161,False,43,0.005509994874423373,0.9944900051255766,0.5018899352937408,0.5018581364506646,0.030805065103571495
BCCC,3,Logistic stacker (nested cross-fitted),10.0,0.4,balanced_accuracy,0.5018581364506646,,7791,7761,14,0.5009645061728395,0.9982062780269059,0.667123346320161,False,43,0.005509994874423373,0.9944900051255766,0.5018899352937408,0.5018581364506646,0.030805065103571495
BCCC,3,Logistic stacker (nested cross-fitted),10.0,0.45,balanced_accuracy,0.5194853096902293,,6816,6511,989,0.5114429353943123,0.8732863549007047,0.6450880181714934,False,1293,0.16568426447975398,0.8343157355202461,0.5195079761675956,0.5194853096902293,0.05515163266526517
BCCC,3,Logistic stacker (nested cross-fitted),10.0,0.5,balanced_accuracy,0.5201901339381141,,6809,6493,996,0.511877913095775,0.8723894939141575,0.6451887999241958,False,1311,0.16799077396207074,0.8320092260379293,0.5202126978025499,0.5201901339381141,0.056889486104776295
BCCC,3,Logistic stacker (nested cross-fitted),10.0,0.55,balanced_accuracy,0.5,,0,0,7805,0.0,0.0,0.0,False,7804,1.0,0.0,0.4999679671984112,0.5,0.0
BCCC,3,Logistic stacker (nested cross-fitted),10.0,0.6,balanced_accuracy,0.5,,0,0,7805,0.0,0.0,0.0,False,7804,1.0,0.0,0.4999679671984112,0.5,0.0
BCCC,3,Logistic stacker (nested cross-fitted),10.0,0.65,balanced_accuracy,0.5,,0,0,7805,0.0,0.0,0.0,False,7804,1.0,0.0,0.4999679671984112,0.5,0.0
BCCC,3,Logistic stacker (nested cross-fitted),10.0,0.7,balanced_accuracy,0.5,,0,0,7805,0.0,0.0,0.0,False,7804,1.0,0.0,0.4999679671984112,0.5,0.0
BCCC,3,Logistic stacker (nested cross-fitted),10.0,0.75,balanced_accuracy,0.5,,0,0,7805,0.0,0.0,0.0,False,7804,1.0,0.0,0.4999679671984112,0.5,0.0
BCCC,3,Logistic stacker (nested cross-fitted),10.0,0.8,balanced_accuracy,0.5,,0,0,7805,0.0,0.0,0.0,False,7804,1.0,0.0,0.4999679671984112,0.5,0.0
BCCC,3,Logistic stacker (nested cross-fitted),10.0,0.85,balanced_accuracy,0.5,,0,0,7805,0.0,0.0,0.0,False,7804,1.0,0.0,0.4999679671984112,0.5,0.0
BCCC,3,Logistic stacker (nested cross-fitted),10.0,0.9,balanced_accuracy,0.5,,0,0,7805,0.0,0.0,0.0,False,7804,1.0,0.0,0.4999679671984112,0.5,0.0
BCCC,3,Logistic stacker (nested cross-fitted),10.0,0.95,balanced_accuracy,0.5,,0,0,7805,0.0,0.0,0.0,False,7804,1.0,0.0,0.4999679671984112,0.5,0.0
BCCC,4,Prevalence-only (nested cross-fitted),,0.05,balanced_accuracy,0.5,,7805,7805,0,0.5,1.0,0.6666666666666666,False,0,0.0,1.0,0.5,0.5,0.0
BCCC,4,Prevalence-only (nested cross-fitted),,0.1,balanced_accuracy,0.5,,7805,7805,0,0.5,1.0,0.6666666666666666,False,0,0.0,1.0,0.5,0.5,0.0
BCCC,4,Prevalence-only (nested cross-fitted),,0.15,balanced_accuracy,0.5,,7805,7805,0,0.5,1.0,0.6666666666666666,False,0,0.0,1.0,0.5,0.5,0.0
BCCC,4,Prevalence-only (nested cross-fitted),,0.2,balanced_accuracy,0.5,,7805,7805,0,0.5,1.0,0.6666666666666666,False,0,0.0,1.0,0.5,0.5,0.0
BCCC,4,Prevalence-only (nested cross-fitted),,0.25,balanced_accuracy,0.5,,7805,7805,0,0.5,1.0,0.6666666666666666,False,0,0.0,1.0,0.5,0.5,0.0
BCCC,4,Prevalence-only (nested cross-fitted),,0.3,balanced_accuracy,0.5,,7805,7805,0,0.5,1.0,0.6666666666666666,False,0,0.0,1.0,0.5,0.5,0.0
BCCC,4,Prevalence-only (nested cross-fitted),,0.35,balanced_accuracy,0.5,,7805,7805,0,0.5,1.0,0.6666666666666666,False,0,0.0,1.0,0.5,0.5,0.0
BCCC,4,Prevalence-only (nested cross-fitted),,0.4,balanced_accuracy,0.5,,7805,7805,0,0.5,1.0,0.6666666666666666,False,0,0.0,1.0,0.5,0.5,0.0
BCCC,4,Prevalence-only (nested cross-fitted),,0.45,balanced_accuracy,0.5,,7805,7805,0,0.5,1.0,0.6666666666666666,False,0,0.0,1.0,0.5,0.5,0.0
BCCC,4,Prevalence-only (nested cross-fitted),,0.5,balanced_accuracy,0.49993593850096096,,5203,5204,2602,0.4999519554146248,0.6666239590006406,0.5713815066988799,False,2601,0.33324791800128123,0.6667520819987187,0.4999359385009609,0.49993593850096096,-0.00013589713775096854
BCCC,4,Prevalence-only (nested cross-fitted),,0.55,balanced_accuracy,0.5,,0,0,7805,0.0,0.0,0.0,False,7805,1.0,0.0,0.5,0.5,0.0
BCCC,4,Prevalence-only (nested cross-fitted),,0.6,balanced_accuracy,0.5,,0,0,7805,0.0,0.0,0.0,False,7805,1.0,0.0,0.5,0.5,0.0
BCCC,4,Prevalence-only (nested cross-fitted),,0.65,balanced_accuracy,0.5,,0,0,7805,0.0,0.0,0.0,False,7805,1.0,0.0,0.5,0.5,0.0
BCCC,4,Prevalence-only (nested cross-fitted),,0.7,balanced_accuracy,0.5,,0,0,7805,0.0,0.0,0.0,False,7805,1.0,0.0,0.5,0.5,0.0
BCCC,4,Prevalence-only (nested cross-fitted),,0.75,balanced_accuracy,0.5,,0,0,7805,0.0,0.0,0.0,False,7805,1.0,0.0,0.5,0.5,0.0
BCCC,4,Prevalence-only (nested cross-fitted),,0.8,balanced_accuracy,0.5,,0,0,7805,0.0,0.0,0.0,False,7805,1.0,0.0,0.5,0.5,0.0
BCCC,4,Prevalence-only (nested cross-fitted),,0.85,balanced_accuracy,0.5,,0,0,7805,0.0,0.0,0.0,False,7805,1.0,0.0,0.5,0.5,0.0
BCCC,4,Prevalence-only (nested cross-fitted),,0.9,balanced_accuracy,0.5,,0,0,7805,0.0,0.0,0.0,False,7805,1.0,0.0,0.5,0.5,0.0
BCCC,4,Prevalence-only (nested cross-fitted),,0.95,balanced_accuracy,0.5,,0,0,7805,0.0,0.0,0.0,True,7805,1.0,0.0,0.5,0.5,0.0
BCCC,4,Logistic stacker (nested cross-fitted),0.01,0.05,balanced_accuracy,0.5,,7805,7805,0,0.5,1.0,0.6666666666666666,False,0,0.0,1.0,0.5,0.5,0.0
BCCC,4,Logistic stacker (nested cross-fitted),0.01,0.1,balanced_accuracy,0.5,,7805,7805,0,0.5,1.0,0.6666666666666666,False,0,0.0,1.0,0.5,0.5,0.0
BCCC,4,Logistic stacker (nested cross-fitted),0.01,0.15,balanced_accuracy,0.5,,7805,7805,0,0.5,1.0,0.6666666666666666,False,0,0.0,1.0,0.5,0.5,0.0
BCCC,4,Logistic stacker (nested cross-fitted),0.01,0.2,balanced_accuracy,0.5,,7805,7805,0,0.5,1.0,0.6666666666666666,False,0,0.0,1.0,0.5,0.5,0.0
BCCC,4,Logistic stacker (nested cross-fitted),0.01,0.25,balanced_accuracy,0.5,,7805,7805,0,0.5,1.0,0.6666666666666666,False,0,0.0,1.0,0.5,0.5,0.0
BCCC,4,Logistic stacker (nested cross-fitted),0.01,0.3,balanced_accuracy,0.5,,7805,7805,0,0.5,1.0,0.6666666666666666,False,0,0.0,1.0,0.5,0.5,0.0
BCCC,4,Logistic stacker (nested cross-fitted),0.01,0.35,balanced_accuracy,0.5,,7805,7805,0,0.5,1.0,0.6666666666666666,False,0,0.0,1.0,0.5,0.5,0.0
BCCC,4,Logistic stacker (nested cross-fitted),0.01,0.4,balanced_accuracy,0.5,,7805,7805,0,0.5,1.0,0.6666666666666666,False,0,0.0,1.0,0.5,0.5,0.0
BCCC,4,Logistic stacker (nested cross-fitted),0.01,0.45,balanced_accuracy,0.5056374119154389,,7460,7372,345,0.5029665587918015,0.9557975656630365,0.659097937005787,False,433,0.055477258167841124,0.9445227418321589,0.5056374119154389,0.5056374119154389,0.02590556181304893
BCCC,4,Logistic stacker (nested cross-fitted),0.01,0.5,balanced_accuracy,0.5199231262011531,,6783,6472,1022,0.5117314221048661,0.8690582959641255,0.6441595441595441,True,1333,0.17078795643818065,0.8292120435618193,0.5199231262011531,0.5199231262011531,0.05566408406188597
BCCC,4,Logistic stacker (nested cross-fitted),0.01,0.55,balanced_accuracy,0.5,,0,0,7805,0.0,0.0,0.0,False,7805,1.0,0.0,0.5,0.5,0.0
BCCC,4,Logistic stacker (nested cross-fitted),0.01,0.6,balanced_accuracy,0.5,,0,0,7805,0.0,0.0,0.0,False,7805,1.0,0.0,0.5,0.5,0.0
BCCC,4,Logistic stacker (nested cross-fitted),0.01,0.65,balanced_accuracy,0.5,,0,0,7805,0.0,0.0,0.0,False,7805,1.0,0.0,0.5,0.5,0.0
BCCC,4,Logistic stacker (nested cross-fitted),0.01,0.7,balanced_accuracy,0.5,,0,0,7805,0.0,0.0,0.0,False,7805,1.0,0.0,0.5,0.5,0.0
BCCC,4,Logistic stacker (nested cross-fitted),0.01,0.75,balanced_accuracy,0.5,,0,0,7805,0.0,0.0,0.0,False,7805,1.0,0.0,0.5,0.5,0.0
BCCC,4,Logistic stacker (nested cross-fitted),0.01,0.8,balanced_accuracy,0.5,,0,0,7805,0.0,0.0,0.0,False,7805,1.0,0.0,0.5,0.5,0.0
BCCC,4,Logistic stacker (nested cross-fitted),0.01,0.85,balanced_accuracy,0.5,,0,0,7805,0.0,0.0,0.0,False,7805,1.0,0.0,0.5,0.5,0.0
BCCC,4,Logistic stacker (nested cross-fitted),0.01,0.9,balanced_accuracy,0.5,,0,0,7805,0.0,0.0,0.0,False,7805,1.0,0.0,0.5,0.5,0.0
BCCC,4,Logistic stacker (nested cross-fitted),0.01,0.95,balanced_accuracy,0.5,,0,0,7805,0.0,0.0,0.0,False,7805,1.0,0.0,0.5,0.5,0.0
BCCC,4,Logistic stacker (nested cross-fitted),0.1,0.05,balanced_accuracy,0.5,,7805,7805,0,0.5,1.0,0.6666666666666666,False,0,0.0,1.0,0.5,0.5,0.0
BCCC,4,Logistic stacker (nested cross-fitted),0.1,0.1,balanced_accuracy,0.5,,7805,7805,0,0.5,1.0,0.6666666666666666,False,0,0.0,1.0,0.5,0.5,0.0
BCCC,4,Logistic stacker (nested cross-fitted),0.1,0.15,balanced_accuracy,0.5,,7805,7805,0,0.5,1.0,0.6666666666666666,False,0,0.0,1.0,0.5,0.5,0.0
BCCC,4,Logistic stacker (nested cross-fitted),0.1,0.2,balanced_accuracy,0.5,,7805,7805,0,0.5,1.0,0.6666666666666666,False,0,0.0,1.0,0.5,0.5,0.0
BCCC,4,Logistic stacker (nested cross-fitted),0.1,0.25,balanced_accuracy,0.5,,7805,7805,0,0.5,1.0,0.6666666666666666,False,0,0.0,1.0,0.5,0.5,0.0
BCCC,4,Logistic stacker (nested cross-fitted),0.1,0.3,balanced_accuracy,0.5,,7805,7805,0,0.5,1.0,0.6666666666666666,False,0,0.0,1.0,0.5,0.5,0.0
BCCC,4,Logistic stacker (nested cross-fitted),0.1,0.35,balanced_accuracy,0.5010249839846252,,7797,7781,8,0.5005135447425857,0.9989750160153748,0.6668947525980413,False,24,0.003074951953875721,0.9969250480461243,0.5010249839846252,0.5010249839846252,0.02266152560146156
BCCC,4,Logistic stacker (nested cross-fitted),0.1,0.4,balanced_accuracy,0.5016015374759769,,7790,7765,15,0.500803600128576,0.9980781550288277,0.6669520547945206,False,40,0.005124919923126201,0.9948750800768738,0.5016015374759769,0.5016015374759769,0.02702860653886445
BCCC,4,Logistic stacker (nested cross-fitted),0.1,0.45,balanced_accuracy,0.5197950032030749,,6793,6484,1012,0.5116366649092415,0.8703395259449072,0.6444360117635898,False,1321,0.1692504804612428,0.8307495195387572,0.5197950032030749,0.5197950032030749,0.055520214125655415
BCCC,4,Logistic stacker (nested cross-fitted),0.1,0.5,balanced_accuracy,0.5199231262011531,,6783,6472,1022,0.5117314221048661,0.8690582959641255,0.6441595441595441,False,1333,0.17078795643818065,0.8292120435618193,0.5199231262011531,0.5199231262011531,0.05566408406188597
BCCC,4,Logistic stacker (nested cross-fitted),0.1,0.55,balanced_accuracy,0.5,,0,0,7805,0.0,0.0,0.0,False,7805,1.0,0.0,0.5,0.5,0.0
BCCC,4,Logistic stacker (nested cross-fitted),0.1,0.6,balanced_accuracy,0.5,,0,0,7805,0.0,0.0,0.0,False,7805,1.0,0.0,0.5,0.5,0.0
BCCC,4,Logistic stacker (nested cross-fitted),0.1,0.65,balanced_accuracy,0.5,,0,0,7805,0.0,0.0,0.0,False,7805,1.0,0.0,0.5,0.5,0.0
BCCC,4,Logistic stacker (nested cross-fitted),0.1,0.7,balanced_accuracy,0.5,,0,0,7805,0.0,0.0,0.0,False,7805,1.0,0.0,0.5,0.5,0.0
BCCC,4,Logistic stacker (nested cross-fitted),0.1,0.75,balanced_accuracy,0.5,,0,0,7805,0.0,0.0,0.0,False,7805,1.0,0.0,0.5,0.5,0.0
BCCC,4,Logistic stacker (nested cross-fitted),0.1,0.8,balanced_accuracy,0.5,,0,0,7805,0.0,0.0,0.0,False,7805,1.0,0.0,0.5,0.5,0.0
BCCC,4,Logistic stacker (nested cross-fitted),0.1,0.85,balanced_accuracy,0.5,,0,0,7805,0.0,0.0,0.0,False,7805,1.0,0.0,0.5,0.5,0.0
BCCC,4,Logistic stacker (nested cross-fitted),0.1,0.9,balanced_accuracy,0.5,,0,0,7805,0.0,0.0,0.0,False,7805,1.0,0.0,0.5,0.5,0.0
BCCC,4,Logistic stacker (nested cross-fitted),0.1,0.95,balanced_accuracy,0.5,,0,0,7805,0.0,0.0,0.0,False,7805,1.0,0.0,0.5,0.5,0.0
BCCC,4,Logistic stacker (nested cross-fitted),1.0,0.05,balanced_accuracy,0.5,,7805,7805,0,0.5,1.0,0.6666666666666666,False,0,0.0,1.0,0.5,0.5,0.0
BCCC,4,Logistic stacker (nested cross-fitted),1.0,0.1,balanced_accuracy,0.5,,7805,7805,0,0.5,1.0,0.6666666666666666,False,0,0.0,1.0,0.5,0.5,0.0
BCCC,4,Logistic stacker (nested cross-fitted),1.0,0.15,balanced_accuracy,0.5,,7805,7805,0,0.5,1.0,0.6666666666666666,False,0,0.0,1.0,0.5,0.5,0.0
BCCC,4,Logistic stacker (nested cross-fitted),1.0,0.2,balanced_accuracy,0.5,,7805,7805,0,0.5,1.0,0.6666666666666666,False,0,0.0,1.0,0.5,0.5,0.0
BCCC,4,Logistic stacker (nested cross-fitted),1.0,0.25,balanced_accuracy,0.5004484304932736,,7802,7795,3,0.5002244021286145,0.9996156310057656,0.6667806170412786,False,10,0.0012812299807815502,0.9987187700192185,0.5004484304932736,0.5004484304932736,0.015545540544335882
BCCC,4,Logistic stacker (nested cross-fitted),1.0,0.3,balanced_accuracy,0.5008968609865471,,7792,7778,13,0.5004495825305074,0.9983344010249839,0.6666951871657754,False,27,0.003459320948110186,0.9965406790518898,0.5008968609865471,0.5008968609865471,0.01774000482962646
BCCC,4,Logistic stacker (nested cross-fitted),1.0,0.35,balanced_accuracy,0.5016015374759769,,7789,7764,16,0.5008037034655693,0.9979500320307495,0.6669235379741416,False,41,0.005253042921204356,0.9947469570787957,0.5016015374759769,0.5016015374759769,0.02655189334064726
BCCC,4,Logistic stacker (nested cross-fitted),1.0,0.4,balanced_accuracy,0.5016655989750161,,7789,7763,16,0.5008359053497943,0.9979500320307495,0.6669520914501006,False,42,0.0053811659192825115,0.9946188340807175,0.5016655989750161,0.5016655989750161,0.027375762684793734
BCCC,4,Logistic stacker (nested cross-fitted),1.0,0.45,balanced_accuracy,0.5197950032030749,,6793,6484,1012,0.5116366649092415,0.8703395259449072,0.6444360117635898,False,1321,0.1692504804612428,0.8307495195387572,0.5197950032030749,0.5197950032030749,0.055520214125655415
BCCC,4,Logistic stacker (nested cross-fitted),1.0,0.5,balanced_accuracy,0.5199231262011531,,6783,6472,1022,0.5117314221048661,0.8690582959641255,0.6441595441595441,False,1333,0.17078795643818065,0.8292120435618193,0.5199231262011531,0.5199231262011531,0.05566408406188597
BCCC,4,Logistic stacker (nested cross-fitted),1.0,0.55,balanced_accuracy,0.5,,0,0,7805,0.0,0.0,0.0,False,7805,1.0,0.0,0.5,0.5,0.0
BCCC,4,Logistic stacker (nested cross-fitted),1.0,0.6,balanced_accuracy,0.5,,0,0,7805,0.0,0.0,0.0,False,7805,1.0,0.0,0.5,0.5,0.0
BCCC,4,Logistic stacker (nested cross-fitted),1.0,0.65,balanced_accuracy,0.5,,0,0,7805,0.0,0.0,0.0,False,7805,1.0,0.0,0.5,0.5,0.0
BCCC,4,Logistic stacker (nested cross-fitted),1.0,0.7,balanced_accuracy,0.5,,0,0,7805,0.0,0.0,0.0,False,7805,1.0,0.0,0.5,0.5,0.0
BCCC,4,Logistic stacker (nested cross-fitted),1.0,0.75,balanced_accuracy,0.5,,0,0,7805,0.0,0.0,0.0,False,7805,1.0,0.0,0.5,0.5,0.0
BCCC,4,Logistic stacker (nested cross-fitted),1.0,0.8,balanced_accuracy,0.5,,0,0,7805,0.0,0.0,0.0,False,7805,1.0,0.0,0.5,0.5,0.0
BCCC,4,Logistic stacker (nested cross-fitted),1.0,0.85,balanced_accuracy,0.5,,0,0,7805,0.0,0.0,0.0,False,7805,1.0,0.0,0.5,0.5,0.0
BCCC,4,Logistic stacker (nested cross-fitted),1.0,0.9,balanced_accuracy,0.5,,0,0,7805,0.0,0.0,0.0,False,7805,1.0,0.0,0.5,0.5,0.0
BCCC,4,Logistic stacker (nested cross-fitted),1.0,0.95,balanced_accuracy,0.5,,0,0,7805,0.0,0.0,0.0,False,7805,1.0,0.0,0.5,0.5,0.0
BCCC,4,Logistic stacker (nested cross-fitted),10.0,0.05,balanced_accuracy,0.5,,7805,7805,0,0.5,1.0,0.6666666666666666,False,0,0.0,1.0,0.5,0.5,0.0
BCCC,4,Logistic stacker (nested cross-fitted),10.0,0.1,balanced_accuracy,0.5,,7805,7805,0,0.5,1.0,0.6666666666666666,False,0,0.0,1.0,0.5,0.5,0.0
BCCC,4,Logistic stacker (nested cross-fitted),10.0,0.15,balanced_accuracy,0.5,,7805,7805,0,0.5,1.0,0.6666666666666666,False,0,0.0,1.0,0.5,0.5,0.0
BCCC,4,Logistic stacker (nested cross-fitted),10.0,0.2,balanced_accuracy,0.5,,7805,7805,0,0.5,1.0,0.6666666666666666,False,0,0.0,1.0,0.5,0.5,0.0
BCCC,4,Logistic stacker (nested cross-fitted),10.0,0.25,balanced_accuracy,0.5004484304932736,,7802,7795,3,0.5002244021286145,0.9996156310057656,0.6667806170412786,False,10,0.0012812299807815502,0.9987187700192185,0.5004484304932736,0.5004484304932736,0.015545540544335882
BCCC,4,Logistic stacker (nested cross-fitted),10.0,0.3,balanced_accuracy,0.5008968609865471,,7792,7778,13,0.5004495825305074,0.9983344010249839,0.6666951871657754,False,27,0.003459320948110186,0.9965406790518898,0.5008968609865471,0.5008968609865471,0.01774000482962646
BCCC,4,Logistic stacker (nested cross-fitted),10.0,0.35,balanced_accuracy,0.5016015374759769,,7789,7764,16,0.5008037034655693,0.9979500320307495,0.6669235379741416,False,41,0.005253042921204356,0.9947469570787957,0.5016015374759769,0.5016015374759769,0.02655189334064726
BCCC,4,Logistic stacker (nested cross-fitted),10.0,0.4,balanced_accuracy,0.5016655989750161,,7789,7763,16,0.5008359053497943,0.9979500320307495,0.6669520914501006,False,42,0.0053811659192825115,0.9946188340807175,0.5016655989750161,0.5016655989750161,0.027375762684793734
BCCC,4,Logistic stacker (nested cross-fitted),10.0,0.45,balanced_accuracy,0.5197950032030749,,6793,6484,1012,0.5116366649092415,0.8703395259449072,0.6444360117635898,False,1321,0.1692504804612428,0.8307495195387572,0.5197950032030749,0.5197950032030749,0.055520214125655415
BCCC,4,Logistic stacker (nested cross-fitted),10.0,0.5,balanced_accuracy,0.5199231262011531,,6783,6472,1022,0.5117314221048661,0.8690582959641255,0.6441595441595441,False,1333,0.17078795643818065,0.8292120435618193,0.5199231262011531,0.5199231262011531,0.05566408406188597
BCCC,4,Logistic stacker (nested cross-fitted),10.0,0.55,balanced_accuracy,0.5,,0,0,7805,0.0,0.0,0.0,False,7805,1.0,0.0,0.5,0.5,0.0
BCCC,4,Logistic stacker (nested cross-fitted),10.0,0.6,balanced_accuracy,0.5,,0,0,7805,0.0,0.0,0.0,False,7805,1.0,0.0,0.5,0.5,0.0
BCCC,4,Logistic stacker (nested cross-fitted),10.0,0.65,balanced_accuracy,0.5,,0,0,7805,0.0,0.0,0.0,False,7805,1.0,0.0,0.5,0.5,0.0
BCCC,4,Logistic stacker (nested cross-fitted),10.0,0.7,balanced_accuracy,0.5,,0,0,7805,0.0,0.0,0.0,False,7805,1.0,0.0,0.5,0.5,0.0
BCCC,4,Logistic stacker (nested cross-fitted),10.0,0.75,balanced_accuracy,0.5,,0,0,7805,0.0,0.0,0.0,False,7805,1.0,0.0,0.5,0.5,0.0
BCCC,4,Logistic stacker (nested cross-fitted),10.0,0.8,balanced_accuracy,0.5,,0,0,7805,0.0,0.0,0.0,False,7805,1.0,0.0,0.5,0.5,0.0
BCCC,4,Logistic stacker (nested cross-fitted),10.0,0.85,balanced_accuracy,0.5,,0,0,7805,0.0,0.0,0.0,False,7805,1.0,0.0,0.5,0.5,0.0
BCCC,4,Logistic stacker (nested cross-fitted),10.0,0.9,balanced_accuracy,0.5,,0,0,7805,0.0,0.0,0.0,False,7805,1.0,0.0,0.5,0.5,0.0
BCCC,4,Logistic stacker (nested cross-fitted),10.0,0.95,balanced_accuracy,0.5,,0,0,7805,0.0,0.0,0.0,False,7805,1.0,0.0,0.5,0.5,0.0
